"","ExplicitNYHAClass","variable","mean","sd","sem","median","q1","q3","n"
"1","I/II","Handedness",0.888888888888889,0.333333333333333,0.111111111111111,1,1,1,9
"2","II","Handedness",0.884615384615385,0.325812593608421,0.0638971066378314,1,1,1,26
"3","II/III","Handedness",1,0,0,1,1,1,4
"4","III","Handedness",1,0,0,1,1,1,11
"6","I/II","WristbandPreference",0.666666666666667,0.5,0.166666666666667,1,0,1,9
"7","II","WristbandPreference",0.346153846153846,0.485164524037584,0.0951485913604076,0,0,1,26
"8","II/III","WristbandPreference",0.25,0.5,0.25,0,0,0.25,4
"9","III","WristbandPreference",0.2,0.421637021355784,0.133333333333333,0,0,0,10
"11","I/II","NYHAClassMixed",NA,NA,NA,NA,NA,NA,0
"12","II","NYHAClassMixed",NA,NA,NA,NA,NA,NA,0
"13","II/III","NYHAClassMixed",NA,NA,NA,NA,NA,NA,0
"14","III","NYHAClassMixed",NA,NA,NA,NA,NA,NA,0
"16","I/II","EjectionFraction",NA,NA,NA,NA,NA,NA,0
"17","II","EjectionFraction",31,9.64365076099295,5.56776436283002,35,27.5,36.5,3
"18","II/III","EjectionFraction",19,NA,NA,19,19,19,1
"19","III","EjectionFraction",NA,NA,NA,NA,NA,NA,0
"21","I/II","HFDiagnosisYear",25753.375,19729.4289899089,6975.40651385151,37956.5,2010.75,41088.25,8
"22","II","HFDiagnosisYear",13999.6,17890.1357131055,3578.0271426211,2011,2001,36923,25
"23","II/III","HFDiagnosisYear",11754,19517.3357642208,9758.66788211041,1999.5,1989.25,11764.25,4
"24","III","HFDiagnosisYear",16563.625,20109.5364508448,7109.79479545522,2004,1995.25,40603,8
"26","I/II","HFTreatmentsToDate",NA,NA,NA,NA,NA,NA,0
"27","II","HFTreatmentsToDate",NA,NA,NA,NA,NA,NA,0
"28","II/III","HFTreatmentsToDate",NA,NA,NA,NA,NA,NA,0
"29","III","HFTreatmentsToDate",NA,NA,NA,NA,NA,NA,0
"31","I/II","RegularPhysicalActivities",NA,NA,NA,NA,NA,NA,0
"32","II","RegularPhysicalActivities",NA,NA,NA,NA,NA,NA,0
"33","II/III","RegularPhysicalActivities",NA,NA,NA,NA,NA,NA,0
"34","III","RegularPhysicalActivities",NA,NA,NA,NA,NA,NA,0
"36","I/II","Exercises",NA,NA,NA,NA,NA,NA,0
"37","II","Exercises",NA,NA,NA,NA,NA,NA,0
"38","II/III","Exercises",NA,NA,NA,NA,NA,NA,0
"39","III","Exercises",NA,NA,NA,NA,NA,NA,0
"41","I/II","DeviceID",NA,NA,NA,NA,NA,NA,0
"42","II","DeviceID",NA,NA,NA,NA,NA,NA,0
"43","II/III","DeviceID",NA,NA,NA,NA,NA,NA,0
"44","III","DeviceID",NA,NA,NA,NA,NA,NA,0
"46","I/II","ID",22.6666666666667,15.4919333848297,5.16397779494322,19,16,30,9
"47","II","ID",28.9615384615385,14.5037395708301,2.84441734968193,29.5,16.25,40.5,26
"48","II/III","ID",23.5,15.4164414397962,7.70822071989812,23,11.75,34.75,4
"49","III","ID",27.1818181818182,17.7359419361825,5.34758770053152,28,14.5,41.5,11
"51","I/II","CPSDate",NA,NA,NA,NA,NA,NA,0
"52","II","CPSDate",NA,NA,NA,NA,NA,NA,0
"53","II/III","CPSDate",NA,NA,NA,NA,NA,NA,0
"54","III","CPSDate",NA,NA,NA,NA,NA,NA,0
"56","I/II","Sex",0.333333333333333,0.5,0.166666666666667,0,0,1,9
"57","II","Sex",0.115384615384615,0.325812593608421,0.0638971066378314,0,0,0,26
"58","II/III","Sex",0,0,0,0,0,0,4
"59","III","Sex",0.0909090909090909,0.301511344577764,0.0909090909090909,0,0,0,11
"61","I/II","Age",51.5555555555556,15.6693260154283,5.22310867180943,52,50,62,9
"62","II","Age",54.9615384615385,13.9956586675462,2.74477448659239,57,45,65.75,26
"63","II/III","Age",51.5,13.0256157883866,6.51280789419331,49.5,44.75,56.25,4
"64","III","Age",57.8181818181818,12.8593793148673,3.87724874766111,58,52.5,67.5,11
"66","I/II","Height",171.444444444444,11.7058864584353,3.90196215281175,172,167,180,9
"67","II","Height",173.961538461538,7.97737184406378,1.56449133461796,175,170,177,26
"68","II/III","Height",176.5,3.3166247903554,1.6583123951777,177,175.75,177.75,4
"69","III","Height",175.272727272727,9.52985738708517,2.87336011441438,175,170,181.5,11
"71","I/II","Weight",79.5333333333333,25.5050975297096,8.50169917656987,84.8,60,96,9
"72","II","Weight",87.6230769230769,18.6859585291696,3.66461796809313,84.5,79,93.75,26
"73","II/III","Weight",88.35,22.7352149758915,11.3676074879457,96.2,80.75,103.8,4
"74","III","Weight",94.3545454545455,17.4408350509007,5.25860962675607,94,82,104,11
"76","I/II","SBP.Resting",105.888888888889,12.7420999490316,4.2473666496772,108,95,112,9
"77","II","SBP.Resting",112.192307692308,14.6205861189468,2.86733284310282,109.5,102,115,26
"78","II/III","SBP.Resting",107.75,10.9962114688045,5.49810573440223,108,101,114.75,4
"79","III","SBP.Resting",101.818181818182,17.0869434470778,5.15190729345265,94,91,108.5,11
"81","I/II","DBP.Resting",68,7.63216876123687,2.54405625374562,70,64,74,9
"82","II","DBP.Resting",69.2692307692308,8.34533494741915,1.63665483632146,70,65,72,26
"83","II/III","DBP.Resting",68.75,9.5,4.75,72,66.25,74.5,4
"84","III","DBP.Resting",64.6363636363636,11.4041459765537,3.43847938715179,60,56,73.5,11
"86","I/II","HR.Resting",65.6666666666667,11.5325625946708,3.84418753155693,62,55,78,9
"87","II","HR.Resting",67,12.3353151560874,2.41915433412333,66,60,73,26
"88","II/III","HR.Resting",63,8.86942313043338,4.43471156521669,60,59,64,4
"89","III","HR.Resting",69.3636363636364,13.0940652760915,3.94800922738336,70,61.5,80,11
"91","I/II","O2Sat.Resting",98.875,1.1259916264596,0.398098157314428,99,98,100,8
"92","II","O2Sat.Resting",98.48,1.0847426730182,0.21694853460364,99,98,99,25
"93","II/III","O2Sat.Resting",98.75,0.5,0.25,99,98.75,99,4
"94","III","O2Sat.Resting",98.0909090909091,1.57826141399614,0.475863721029178,98,97.5,99,11
"96","I/II","FEV.Resting",2.86,0.841597121124897,0.297549515687245,2.65,2.4,3.25,8
"97","II","FEV.Resting",2.526,0.771864625436352,0.15437292508727,2.59,2.08,2.87,25
"98","II/III","FEV.Resting",3.385,0.344528663539044,0.172264331769522,3.45,3.1775,3.6575,4
"99","III","FEV.Resting",2.58363636363636,0.877453961496245,0.264562323735818,2.29,2.015,3.215,11
"101","I/II","FEV.Resting.Percentage",81.125,19.708138275487,6.96787910957949,77.5,64,95.5,8
"102","II","FEV.Resting.Percentage",70.08,23.2538885637076,4.65077771274153,75,63,86,25
"103","II/III","FEV.Resting.Percentage",88.75,3.5939764421413,1.79698822107065,89.5,87,91.25,4
"104","III","FEV.Resting.Percentage",74.2727272727273,16.395675704837,4.94348222702637,81,64.5,87,11
"106","I/II","FVC.Resting",3.59375,1.19973732244068,0.4241711981702,3.36,3.1025,4.04,8
"107","II","FVC.Resting",3.2812,0.945124859476249,0.18902497189525,3.33,2.74,3.7,25
"108","II/III","FVC.Resting",4.2425,0.371786228900426,0.185893114450213,4.23,4.1225,4.35,4
"109","III","FVC.Resting",3.35818181818182,0.953433984938844,0.287471162765046,3.05,2.645,4.04,11
"111","I/II","FVC.Resting.Percentage",79.125,18.403706924732,6.50669298272391,74.5,67.25,94.75,8
"112","II","FVC.Resting.Percentage",72.8,17.0904456739236,3.41808913478472,76,63,83,25
"113","II/III","FVC.Resting.Percentage",86.25,5.79511288357124,2.89755644178562,85.5,83.75,88,4
"114","III","FVC.Resting.Percentage",73.3636363636364,12.6828445332483,3.82402150829042,75,65.5,82.5,11
"116","I/II","SBP",131.444444444444,18.6622018469895,6.2207339489965,130,120,140,9
"117","II","SBP",134.115384615385,18.5565663269408,3.639242069475,130,120,144,26
"118","II/III","SBP",134.75,29.8370574956714,14.9185287478357,130,116.25,148.5,4
"119","III","SBP",116.818181818182,20.2623699592036,6.10933441073156,110,103,130,11
"121","I/II","DBP",72.6666666666667,7.93725393319377,2.64575131106459,76,66,80,9
"122","II","DBP",73.6538461538462,9.33356226825453,1.83046215912166,70,70,79.5,26
"123","II/III","DBP",74.5,11.7046999107196,5.85234995535981,77,67.5,84,4
"124","III","DBP",69.5454545454545,11.0214666570619,3.32309723098972,64,60,80,11
"126","I/II","HR",111.375,14.6768768573465,5.18905957623482,113.5,104.25,120,8
"127","II","HR",109.692307692308,18.2049866372249,3.57029161953484,113,100.5,121.75,26
"128","II/III","HR",95.75,29.9596951475367,14.9798475737683,93.5,70,119.25,4
"129","III","HR",95.6363636363636,19.3611607465706,5.83760960928471,93,79.5,114,11
"131","I/II","HR.1min",93.5,12.7615493909299,4.51188905638679,95,83.75,105.25,8
"132","II","HR.1min",90.28,14.6529860438069,2.93059720876138,91,80,100,25
"133","II/III","HR.1min",81.5,21.6410104508392,10.8205052254196,78.5,65.5,94.5,4
"134","III","HR.1min",82.8181818181818,12.2296212682011,3.68736955225212,80,74.5,93.5,11
"136","I/II","HR.1minDrop",17.875,9.18753036924038,3.24828251322361,15.5,11.5,19.75,8
"137","II","HR.1minDrop",23.4,15.1079449297381,3.02158898594763,23,14,32,25
"138","II/III","HR.1minDrop",10,7.54983443527075,4.35889894354067,9,6,13.5,3
"139","III","HR.1minDrop",12.8181818181818,8.71571203996761,2.62788605612324,17,4.5,19.5,11
"141","I/II","O2Sat",98.75,1.38873014965883,0.490990253030983,99,98,100,8
"142","II","O2Sat",98.12,1.39403491108843,0.278806982217686,98,98,99,25
"143","II/III","O2Sat",98.5,0.577350269189626,0.288675134594813,98.5,98,99,4
"144","III","O2Sat",98.1818181818182,1.60113596038449,0.482760656267336,99,97.5,99,11
"146","I/II","Duration",10.4574074074074,3.66480171427299,1.22160057142433,10.2166666666667,8.15,12.6333333333333,9
"147","II","Duration",9.95782051282052,2.79432900986706,0.548013005719636,9.98333333333333,8.23333333333334,11.8625,26
"148","II/III","Duration",9.20000000000001,5.61471281545193,2.80735640772597,6.75833333333333,6.11666666666667,9.84166666666668,4
"149","III","Duration",7.71212121212122,2.29609681983593,0.692299239429457,7.16666666666667,5.94166666666666,9.15,11
"151","I/II","Watts",101.111111111111,38.2244831372657,12.7414943790886,100,80,120,9
"152","II","Watts",94.4,29.022979401387,5.8045958802774,100,80,110,25
"153","II/III","Watts",87.5,55.6027577253743,27.8013788626871,65,57.5,95,4
"154","III","Watts",73.6363636363636,23.3549683248457,7.0417879021953,70,55,90,11
"156","I/II","Watts.Predicted.Percentage",72.6666666666667,24.1867732448956,8.06225774829855,64,61,85,9
"157","II","Watts.Predicted.Percentage",59.92,20.2852984531491,4.05705969062982,59,48,77,25
"158","II/III","Watts.Predicted.Percentage",50.25,22.5591814272297,11.2795907136149,49,41.25,58,4
"159","III","Watts.Predicted.Percentage",47.1818181818182,11.7372755085512,3.53892172026293,44,38.5,55,11
"161","I/II","TestEnd.Reason",NA,NA,NA,NA,NA,NA,0
"162","II","TestEnd.Reason",NA,NA,NA,NA,NA,NA,0
"163","II/III","TestEnd.Reason",NA,NA,NA,NA,NA,NA,0
"164","III","TestEnd.Reason",NA,NA,NA,NA,NA,NA,0
"166","I/II","TestEnd.Symptom",NA,NA,NA,NA,NA,NA,0
"167","II","TestEnd.Symptom",NA,NA,NA,NA,NA,NA,0
"168","II/III","TestEnd.Symptom",NA,NA,NA,NA,NA,NA,0
"169","III","TestEnd.Symptom",NA,NA,NA,NA,NA,NA,0
"171","I/II","VO2.perBodyWeight",16.4666666666667,4.09511904588865,1.36503968196288,17.5,14.4,17.8,9
"172","II","VO2.perBodyWeight",14.3807692307692,3.28670281355272,0.644575453141756,14.35,11.775,16.5,26
"173","II/III","VO2.perBodyWeight",14.375,5.12209267129494,2.56104633564747,12.55,11.7,15.225,4
"174","III","VO2.perBodyWeight",12.3363636363636,2.98907100192442,0.901238816828635,12.3,11.45,13.3,11
"176","I/II","VO2.Predicted.Relative",30.2,5.64623768539724,1.88207922846575,31.4,28.5,32.4,9
"177","II","VO2.Predicted.Relative",29.2307692307692,5.63969993746258,1.10603615507422,28.3,25.325,32.775,26
"178","II/III","VO2.Predicted.Relative",31.175,3.97607427831356,1.98803713915678,32.45,29.925,33.7,4
"179","III","VO2.Predicted.Relative",28.8909090909091,5.59847381800693,1.68800336845068,28.9,24.2,32.3,11
"181","I/II","VO2.Predicted.Relative.Percentage",54,17.3637553541853,5.78791845139511,54,50,58,9
"182","II","VO2.Predicted.Relative.Percentage",50.5,13.2249763704893,2.59363125307417,51,40.5,60,26
"183","II/III","VO2.Predicted.Relative.Percentage",46.25,14.4077525427574,7.20387627137872,45,37,54.25,4
"184","III","VO2.Predicted.Relative.Percentage",42.9090909090909,8.11732154660077,2.44746453388565,43,37,47.5,11
"186","I/II","VO2",1.30111111111111,0.521438501753669,0.17381283391789,1.37,0.945,1.524,9
"187","II","VO2",1.26411538461538,0.409159756273569,0.0802428300544537,1.244,0.99375,1.4515,26
"188","II/III","VO2",1.30475,0.676553212984758,0.338276606492379,1.135,0.99925,1.4405,4
"189","III","VO2",1.14590909090909,0.375833062554495,0.113317932027585,1.098,0.8765,1.261,11
"191","I/II","VO2.Predicted.Absolute",2.39488888888889,0.981021208288134,0.327007069429378,2.276,2.085,2.693,9
"192","II","VO2.Predicted.Absolute",2.32880769230769,0.556932456890835,0.109223440978444,2.315,1.81675,2.6455,26
"193","II/III","VO2.Predicted.Absolute",2.395,0.578406431499512,0.289203215749756,2.4475,1.97425,2.86825,4
"194","III","VO2.Predicted.Absolute",2.32881818181818,0.61441546500423,0.185253232982797,2.231,1.8865,2.7765,11
"196","I/II","VO2.Predicted.Absolute.Percentage",63.1643592474263,18.2362555650477,6.0787518550159,66,53,75.4792332268371,9
"197","II","VO2.Predicted.Absolute.Percentage",55.8076923076923,16.6901629249549,3.27321024766876,56,45.25,65,26
"198","II/III","VO2.Predicted.Absolute.Percentage",53.25,18.5539753152795,9.27698765763974,48,39,62.25,4
"199","III","VO2.Predicted.Absolute.Percentage",49.4545454545455,8.91474774027439,2.68789757774171,51,45.5,53,11
"201","I/II","VE.Peak",48.675,20.0068381167183,7.07348545121649,49.35,37.125,61.975,8
"202","II","VE.Peak",45.4864,13.1992092187373,2.63984184374746,49,34,54.8,25
"203","II/III","VE.Peak",47.1,14.0173701765583,7.00868508827916,46.05,41.3,51.85,4
"204","III","VE.Peak",42.4545454545455,13.6789154275011,4.12434818291137,40.4,33.1,53,11
"206","I/II","VCO2.Peak",1.543,0.62671957730027,0.221578831505694,1.655,1.24225,1.8575,8
"207","II","VCO2.Peak",1.40638461538462,0.465413972882042,0.0912751896009337,1.32,1.13025,1.58425,26
"208","II/III","VCO2.Peak",1.39,0.824359549387685,0.412179774693842,1.1205,0.89475,1.61575,4
"209","III","VCO2.Peak",1.14718181818182,0.40602729420122,0.122421835409881,1.014,0.912,1.372,11
"211","I/II","VEperVCO2.Peak",31.875,4.35685010726131,1.5403791277289,32,30.5,34,8
"212","II","VEperVCO2.Peak",33.3846153846154,6.4997041352783,1.27469685455245,32,28.25,36,26
"213","II/III","VEperVCO2.Peak",38.75,15.0194318578744,7.50971592893722,35,31,42.75,4
"214","III","VEperVCO2.Peak",37.5454545454545,6.05580112559249,1.82589273987293,38,33.5,39.5,11
"216","I/II","VEperVCO2.atAT",31.7142857142857,3.86066858261129,1.45919556628996,31,29,33,7
"217","II","VEperVCO2.atAT",32.9615384615385,4.7284734892417,0.927329945813445,31.5,30,35.75,26
"218","II/III","VEperVCO2.atAT",34.25,9.42956343987709,4.71478171993855,32.5,28.75,38,4
"219","III","VEperVCO2.atAT",38.7272727272727,5.83251076451487,1.75856816287316,40,33,41,11
"221","I/II","AT",11.2166666666667,2.60032049306747,1.06157639595295,10.5,9.55,11.75,6
"222","II","AT",9.58076923076923,2.52254145349792,0.494711080585869,9.55,7.225,11.15,26
"223","II/III","AT",9.15,2.39791576165636,1.19895788082818,8.15,7.75,9.55,4
"224","III","AT",8.1,1.38162545173751,0.436908330074958,8.25,7.25,8.9,10
"226","I/II","VO2.Peak.Measured.Percentage",61.3333333333333,6.88960569747403,2.81266974796387,61,60.25,64,6
"227","II","VO2.Peak.Measured.Percentage",66.1538461538462,7.01821805128514,1.37638579977508,67,62.25,70.75,26
"228","II/III","VO2.Peak.Measured.Percentage",65,6.68331255192114,3.34165627596057,64,61.75,67.25,4
"229","III","VO2.Peak.Measured.Percentage",64.4,6.83455273672763,2.16127534365964,63,59.25,67.75,10
"231","I/II","VO2.Peak.Predicted.Percentage",37.6666666666667,7.06163342766153,2.88289977472529,34.5,33,40.5,6
"232","II","VO2.Peak.Predicted.Percentage",33.6153846153846,9.78192996530612,1.91839429898823,33,28.25,37.5,26
"233","II/III","VO2.Peak.Predicted.Percentage",29.25,6.84957419601151,3.42478709800575,28.5,23.75,34,4
"234","III","VO2.Peak.Predicted.Percentage",28,4.76095228569523,1.50554530541816,29,25,30.75,10
"236","I/II","RER.Peak",1.1325,0.11132321026119,0.0393586984395717,1.125,1.0925,1.22,8
"237","II","RER.Peak",1.11615384615385,0.0823687767580373,0.0161538461538462,1.115,1.05,1.15,26
"238","II/III","RER.Peak",1.05,0.128322510366134,0.0641612551830672,1.1,1.0325,1.1175,4
"239","III","RER.Peak",1.00290909090909,0.0826141084143072,0.0249090909090909,1.01,0.96,1.055,11
"241","I/II","RPEper20.Peak",18,NA,NA,18,18,18,1
"242","II","RPEper20.Peak",16.3333333333333,0.816496580927726,0.333333333333333,16.5,16,17,6
"243","II/III","RPEper20.Peak",17,NA,NA,17,17,17,1
"244","III","RPEper20.Peak",16,NA,NA,16,16,16,1
"246","I/II","PETCO2.Peak",NA,NA,NA,NA,NA,NA,0
"247","II","PETCO2.Peak",32.5,1.91485421551268,0.957427107756338,33,31.5,34,4
"248","II/III","PETCO2.Peak",NA,NA,NA,NA,NA,NA,0
"249","III","PETCO2.Peak",30,1.4142135623731,1,30,29.5,30.5,2
"251","I/II","OUES",NA,NA,NA,NA,NA,NA,0
"252","II","OUES",1.22633333333333,0.251563775876682,0.145240413720761,1.147,1.0855,1.3275,3
"253","II/III","OUES",NA,NA,NA,NA,NA,NA,0
"254","III","OUES",1.209,0.231931024229188,0.164,1.209,1.127,1.291,2
"256","I/II","TotalRiskScore",NA,NA,NA,NA,NA,NA,0
"257","II","TotalRiskScore",8.33333333333333,2.88675134594813,1.66666666666667,10,7.5,10,3
"258","II/III","TotalRiskScore",NA,NA,NA,NA,NA,NA,0
"259","III","TotalRiskScore",11.5,4.94974746830583,3.5,11.5,9.75,13.25,2
"261","I/II","StepData.LongestActiveStreak",43,24.0728062344214,8.02426874480715,41,33,49,9
"262","II","StepData.LongestActiveStreak",46.7692307692308,32.4657452615001,6.36705648506621,39,24.5,59.25,26
"263","II/III","StepData.LongestActiveStreak",25,9.83192080250175,4.91596040125088,23.5,17.5,31,4
"264","III","StepData.LongestActiveStreak",37.1818181818182,32.5785763403442,9.8228103568065,26,17,46.5,11
"266","I/II","StepData.HighestValuedStreak",3035.22222222222,2108.92862478663,702.976208262211,3084,1599,3472,9
"267","II","StepData.HighestValuedStreak",3244.61538461538,2296.16276560566,450.314567238787,2853.5,1310.25,4116,26
"268","II/III","StepData.HighestValuedStreak",1044.25,260.078673994364,130.039336997182,1028.5,859.75,1213,4
"269","III","StepData.HighestValuedStreak",2098,2278.41910104353,686.969206667294,1162,694.5,2021,11
"271","I/II","StepData.OverallMaximum",126.333333333333,18.6480561989715,6.21601873299051,123,110,136,9
"272","II","StepData.OverallMaximum",125.538461538462,18.3198925089221,3.59282651499678,123,115,129.25,26
"273","II/III","StepData.OverallMaximum",112.75,9.21502396451939,4.6075119822597,112,105.5,119.25,4
"274","III","StepData.OverallMaximum",112.909090909091,15.4107400565615,4.64651295539226,111,104.5,115,11
"276","I/II","StepData.OverallQ3",0,0,0,0,0,0,9
"277","II","StepData.OverallQ3",0,0,0,0,0,0,26
"278","II/III","StepData.OverallQ3",0,0,0,0,0,0,4
"279","III","StepData.OverallQ3",0,0,0,0,0,0,11
"281","I/II","StepData.OverallMean",3.84865396757712,1.61692065892175,0.538973552973917,4.35520833333333,2.53824074074074,5.28050595238095,9
"282","II","StepData.OverallMean",3.79431994460981,1.54695845223107,0.303383512870905,3.48453884078884,2.80389311494883,4.87792038690476,26
"283","II/III","StepData.OverallMean",3.12452813156512,1.68617751195596,0.843088755977982,2.99020337301587,1.93922526041667,4.17550624416433,4
"284","III","StepData.OverallMean",2.66310924090529,1.60354531212855,0.48348710315125,2.45884259259259,1.50009259259259,3.54563492063492,11
"286","I/II","StepData.OverallStdDev",12.8954240797763,4.17288644072964,1.39096214690988,13.677667668252,8.93346365855559,15.1057950573099,9
"287","II","StepData.OverallStdDev",13.087504512972,3.33924368433205,0.654879565655791,13.1658023768193,11.4865237217673,14.720837418654,26
"288","II/III","StepData.OverallStdDev",10.5135335713924,3.05403806749857,1.52701903374929,10.6793595461935,8.50802483321876,12.6848682843672,4
"289","III","StepData.OverallStdDev",9.98900487593237,3.95270653150261,1.19178586103466,9.20152626417489,7.59647432402325,11.8744844769795,11
"291","I/II","StepData.OverallMedian",0,0,0,0,0,0,9
"292","II","StepData.OverallMedian",0,0,0,0,0,0,26
"293","II/III","StepData.OverallMedian",0,0,0,0,0,0,4
"294","III","StepData.OverallMedian",0,0,0,0,0,0,11
"296","I/II","StepData.OverallMode",0,0,0,0,0,0,9
"297","II","StepData.OverallMode",0,0,0,0,0,0,26
"298","II/III","StepData.OverallMode",0,0,0,0,0,0,4
"299","III","StepData.OverallMode",0,0,0,0,0,0,11
"301","I/II","StepData.OverallQ1",0,0,0,0,0,0,9
"302","II","StepData.OverallQ1",0,0,0,0,0,0,26
"303","II/III","StepData.OverallQ1",0,0,0,0,0,0,4
"304","III","StepData.OverallQ1",0,0,0,0,0,0,11
"306","I/II","StepData.OverallMinimum",0,0,0,0,0,0,9
"307","II","StepData.OverallMinimum",0,0,0,0,0,0,26
"308","II/III","StepData.OverallMinimum",0,0,0,0,0,0,4
"309","III","StepData.OverallMinimum",0,0,0,0,0,0,11
"311","I/II","StepData.OverallTotal",81893.6666666667,31110.4253546942,10370.1417848981,91662,54826,106455,9
"312","II","StepData.OverallTotal",85124,30413.1967777148,5964.51860924249,87933,62718.5,107863.5,26
"313","II/III","StepData.OverallTotal",69527.25,42046.577889883,21023.2889449415,60282.5,40099.5,89710.25,4
"314","III","StepData.OverallTotal",58733.3636363636,32214.3141267131,9712.9811669957,53123,40436.5,72918,11
"316","I/II","StepData.Overalln",21920,2363.72587243106,787.908624143688,21600,20160,23040,9
"317","II","StepData.Overalln",23483.0769230769,5066.9870883836,993.717924568872,21600,20160,23040,26
"318","II/III","StepData.Overalln",21960,2160,1080,21600,20160,23400,4
"319","III","StepData.Overalln",23040,3088.45592489192,931.204498583323,23040,20160,24480,11
"321","I/II","StepData.OverallStdErr",0.088261392516223,0.0307691617856816,0.0102563872618939,0.0963311585382156,0.0607845211087728,0.105577278023679,9
"322","II","StepData.OverallStdErr",0.087331887181605,0.0256041570358388,0.00502138832133985,0.0866883946454051,0.0718476961627095,0.100936959274793,26
"323","II/III","StepData.OverallStdErr",0.0710198724262685,0.0199997713099603,0.00999988565498016,0.0752142179853423,0.059124442872847,0.0871096475387637,4
"324","III","StepData.OverallStdErr",0.0670162509604344,0.0285817334356841,0.00861771687855632,0.0614712841448221,0.0499432390228135,0.0810199654325479,11
"326","I/II","StepData.OverallSkewness",5.13581650276418,1.68660756133096,0.562202520443653,4.45819595158963,4.13678980240871,5.5303432324288,9
"327","II","StepData.OverallSkewness",5.20174508237356,1.47312700501344,0.288903974790924,4.79524892709401,4.13712901913234,5.95329544643345,26
"328","II/III","StepData.OverallSkewness",5.29303110790712,1.76541448117262,0.882707240586309,5.19900254572419,3.97387666917236,6.51815698445895,4
"329","III","StepData.OverallSkewness",6.49645808130482,2.97400702012449,0.896696855421443,5.44370545455716,4.44773787638444,7.34988051176484,11
"331","I/II","StepData.OverallKurtosis",35.3220309080324,30.0317368747683,10.0105789582561,22.5377657109988,18.2624705151786,35.0789358084368,9
"332","II","StepData.OverallKurtosis",33.443743430822,21.6336832920519,4.24271435604073,27.024966712708,18.6162838594833,41.1911231653345,26
"333","II/III","StepData.OverallKurtosis",36.7155518842563,24.0872529204158,12.0436264602079,33.8112611379439,17.9955136008117,52.5312994213885,4
"334","III","StepData.OverallKurtosis",61.4194419703875,62.113248582974,18.7278490963454,36.0255217967342,23.2193434229642,67.6160317142385,11
"336","I/II","StepData.OverallIQR",0,0,0,0,0,0,9
"337","II","StepData.OverallIQR",0,0,0,0,0,0,26
"338","II/III","StepData.OverallIQR",0,0,0,0,0,0,4
"339","III","StepData.OverallIQR",0,0,0,0,0,0,11
"341","I/II","StepData.MaximumDailyTotalSteps",9112.66666666667,3211.35489318761,1070.45163106254,10445,6576,11039,9
"342","II","StepData.MaximumDailyTotalSteps",10836.8076923077,4204.12859954812,824.497452567284,10969.5,7501.5,12956.75,26
"343","II/III","StepData.MaximumDailyTotalSteps",8802.75,3928.40954882931,1964.20477441466,9253.5,6354.25,11702,4
"344","III","StepData.MaximumDailyTotalSteps",7231.63636363636,4292.33477894554,1294.18763057777,5847,4925,7489.5,11
"346","I/II","StepData.MeanDailyTotalSteps",5542.06171331106,2328.36574884732,776.12191628244,6271.5,3655.06666666667,7603.92857142857,9
"347","II","StepData.MeanDailyTotalSteps",5463.82072023812,2227.62017121275,436.872258534104,5017.73593073593,4037.60608552631,7024.20535714286,26
"348","II/III","StepData.MeanDailyTotalSteps",4499.32050945378,2428.09561721659,1214.04780860829,4305.89285714286,2792.484375,6012.72899159663,4
"349","III","StepData.MeanDailyTotalSteps",3834.87730690362,2309.10524946511,696.221428537799,3540.73333333333,2160.13333333334,5105.71428571429,11
"351","I/II","StepData.ModeDailyTotalSteps",4829.44444444444,2838.13477970617,946.044926568723,5812,1788,7310,9
"352","II","StepData.ModeDailyTotalSteps",3265.84615384615,3694.10767241354,724.474119498057,1673,127.5,4779.75,26
"353","II/III","StepData.ModeDailyTotalSteps",1643.25,1878.45741234663,939.228706173315,1651.5,24.75,3270,4
"354","III","StepData.ModeDailyTotalSteps",2286.90909090909,2141.85855996821,645.794654311407,2307,391,3775.5,11
"356","I/II","StepData.MinimumDailyTotalSteps",1887,1783.64927886622,594.549759622075,1844,367,2890,9
"357","II","StepData.MinimumDailyTotalSteps",971,1542.04920803456,302.420730872635,200,0,1382.5,26
"358","II/III","StepData.MinimumDailyTotalSteps",817.5,1635,817.5,0,0,817.5,4
"359","III","StepData.MinimumDailyTotalSteps",1269.90909090909,1576.47578189742,475.325332694173,493,47.5,2307,11
"361","I/II","StepData.StdDevDailyTotalSteps",2019.01822993444,909.824624705466,303.274874901822,2003.32801679035,1623.63560303061,2779.70460585893,9
"362","II","StepData.StdDevDailyTotalSteps",2855.57107618268,1302.82340772942,255.504691491453,2577.56499715523,1969.61843710573,3431.90440268699,26
"363","II/III","StepData.StdDevDailyTotalSteps",2451.90113101154,1210.0170086117,605.008504305849,2176.82465092773,1872.36145976041,2756.36432217886,4
"364","III","StepData.StdDevDailyTotalSteps",1744.73117161327,1100.68354107307,331.868574423557,1512.86699843213,1185.61198545701,1796.94749908283,11
"366","I/II","StepData.StdErrDailyTotalSteps",522.984356731138,237.329720759237,79.1099069197458,535.411933725342,433.341753031755,709.598156398098,9
"367","II","StepData.StdErrDailyTotalSteps",713.403047555142,313.242134638279,61.431836807694,658.802409698824,508.163844954798,909.192495430353,26
"368","II/III","StepData.StdErrDailyTotalSteps",624.013858009177,283.646973560632,141.823486780316,581.780859632523,494.793046977293,711.001670664407,4
"369","III","StepData.StdErrDailyTotalSteps",440.70521155374,292.684628530694,88.2477358855329,363.6191141239,311.17731324853,426.829757619101,11
"371","I/II","StepData.MaximumDailyMaximumSteps",126.333333333333,18.6480561989715,6.21601873299051,123,110,136,9
"372","II","StepData.MaximumDailyMaximumSteps",125.538461538462,18.3198925089221,3.59282651499678,123,115,129.25,26
"373","II/III","StepData.MaximumDailyMaximumSteps",112.75,9.21502396451939,4.6075119822597,112,105.5,119.25,4
"374","III","StepData.MaximumDailyMaximumSteps",112.909090909091,15.4107400565615,4.64651295539226,111,104.5,115,11
"376","I/II","StepData.MeanDailyMaximumSteps",96.9362364243944,16.4302671246644,5.47675570822148,93.3571428571429,85.0666666666667,111.571428571429,9
"377","II","StepData.MeanDailyMaximumSteps",95.096869767911,17.9031091204797,3.51108856766564,96.8666666666667,87.6607142857143,105.133928571428,26
"378","II/III","StepData.MeanDailyMaximumSteps",80.264705882353,16.2637931951166,8.1318965975583,80.1008403361344,67.2321428571428,93.1334033613446,4
"379","III","StepData.MeanDailyMaximumSteps",80.6526477177793,23.1097264609446,6.96784469806374,88.0714285714286,76.6696428571428,92.2321428571428,11
"381","I/II","StepData.ModeDailyMaximumSteps",101.666666666667,21.5812418549072,7.19374728496908,109,102,114,9
"382","II","StepData.ModeDailyMaximumSteps",92.8461538461538,41.9701725587992,8.23102803331438,111,88.25,114.75,26
"383","II/III","StepData.ModeDailyMaximumSteps",77.75,52.0024037905941,26.0012018952971,101.5,73.5,105.75,4
"384","III","StepData.ModeDailyMaximumSteps",65,42.2279528274815,12.7322068357803,88,35,95,11
"386","I/II","StepData.MinimumDailyMaximumSteps",58.8888888888889,33.3520780628601,11.1173593542867,63,44,87,9
"387","II","StepData.MinimumDailyMaximumSteps",36.8076923076923,34.6283343298741,6.79117509504781,43.5,0,61.25,26
"388","II/III","StepData.MinimumDailyMaximumSteps",17.75,35.5,17.75,0,0,17.75,4
"389","III","StepData.MinimumDailyMaximumSteps",40.8181818181818,30.1257968585669,9.08326951730306,43,17.5,63.5,11
"391","I/II","StepData.StdDevDailyMaximumSteps",19.9085316872609,9.29661988566074,3.09887329522025,15.1792464835882,12.8578449136772,26.3424336294848,9
"392","II","StepData.StdDevDailyMaximumSteps",26.2055596307268,13.2920014980026,2.60677596203923,20.6132891443849,16.4117262764572,34.9716975486707,26
"393","II/III","StepData.StdDevDailyMaximumSteps",29.1322965528774,11.6804150679034,5.84020753395168,33.8291922632422,28.0361899488844,34.9252988672352,4
"394","III","StepData.StdDevDailyMaximumSteps",21.4468839402402,10.7053078438678,3.22777176212345,23.482984253509,11.9575469004217,29.0444654614679,11
"396","I/II","StepData.StdErrDailyMaximumSteps",5.06388104196495,2.2579893627292,0.752663120909734,4.03399992761683,3.43640359994673,6.80158711637124,9
"397","II","StepData.StdErrDailyMaximumSteps",6.42916750246241,3.08475039284909,0.604969324911559,5.33182352571896,4.29598665522068,8.42606120144377,26
"398","II/III","StepData.StdErrDailyMaximumSteps",7.41901926096812,2.895474845618,1.447737422809,8.62759782045531,6.87253576916199,9.17408131226143,4
"399","III","StepData.StdErrDailyMaximumSteps",5.2641770575397,2.38547236731435,0.719246980922051,6.23760935901036,3.07579009301827,6.80224206948929,11
"401","I/II","StepData.MaximumDailyQ3Steps",0.555555555555556,1.33333333333333,0.444444444444444,0,0,0,9
"402","II","StepData.MaximumDailyQ3Steps",3.01923076923077,6.28725817702879,1.23303277429483,0,0,4,26
"403","II/III","StepData.MaximumDailyQ3Steps",4,4.89897948556636,2.44948974278318,3,0,7,4
"404","III","StepData.MaximumDailyQ3Steps",1.09090909090909,2.58667916273145,0.779913112346444,0,0,0,11
"406","I/II","StepData.MeanDailyQ3Steps",0.0357142857142857,0.0837574242825612,0.0279191414275204,0,0,0,9
"407","II","StepData.MeanDailyQ3Steps",0.49945054945055,1.00386132234935,0.196873402753861,0,0,0.389285714285714,26
"408","II/III","StepData.MeanDailyQ3Steps",0.724789915966387,1.18127022150102,0.590635110750511,0.214285714285714,0,0.939075630252102,4
"409","III","StepData.MeanDailyQ3Steps",0.0779220779220779,0.184762797337961,0.0557080794533174,0,0,0,11
"411","I/II","StepData.ModeDailyQ3Steps",0,0,0,0,0,0,9
"412","II","StepData.ModeDailyQ3Steps",0,0,0,0,0,0,26
"413","II/III","StepData.ModeDailyQ3Steps",0,0,0,0,0,0,4
"414","III","StepData.ModeDailyQ3Steps",0,0,0,0,0,0,11
"416","I/II","StepData.MinimumDailyQ3Steps",0,0,0,0,0,0,9
"417","II","StepData.MinimumDailyQ3Steps",0,0,0,0,0,0,26
"418","II/III","StepData.MinimumDailyQ3Steps",0,0,0,0,0,0,4
"419","III","StepData.MinimumDailyQ3Steps",0,0,0,0,0,0,11
"421","I/II","StepData.StdDevDailyQ3Steps",0.140806804656936,0.334101325440596,0.111367108480199,0,0,0,9
"422","II","StepData.StdDevDailyQ3Steps",0.910356018454968,1.67078083238225,0.327667079509765,0,0,1.20491379528591,26
"423","II/III","StepData.StdDevDailyQ3Steps",1.40912998833656,1.90556598395892,0.952782991979462,0.801783725737275,0,2.21091371407383,4
"424","III","StepData.StdDevDailyQ3Steps",0.291557718449918,0.6913190854606,0.208440546989495,0,0,0,11
"426","I/II","StepData.StdErrDailyQ3Steps",0.0357142857142857,0.0837574242825612,0.0279191414275204,0,0,0,9
"427","II","StepData.StdErrDailyQ3Steps",0.226600653741555,0.400986671109894,0.0786399561799985,0,0,0.313558357568487,26
"428","II/III","StepData.StdErrDailyQ3Steps",0.351676521088679,0.463937988777201,0.2319689943886,0.214285714285714,0,0.565962235374394,4
"429","III","StepData.StdErrDailyQ3Steps",0.077922077922078,0.184762797337961,0.0557080794533175,0,0,0,11
"431","I/II","StepData.MaximumDailyMedianSteps",0,0,0,0,0,0,9
"432","II","StepData.MaximumDailyMedianSteps",0,0,0,0,0,0,26
"433","II/III","StepData.MaximumDailyMedianSteps",0,0,0,0,0,0,4
"434","III","StepData.MaximumDailyMedianSteps",0,0,0,0,0,0,11
"436","I/II","StepData.MeanDailyMedianSteps",0,0,0,0,0,0,9
"437","II","StepData.MeanDailyMedianSteps",0,0,0,0,0,0,26
"438","II/III","StepData.MeanDailyMedianSteps",0,0,0,0,0,0,4
"439","III","StepData.MeanDailyMedianSteps",0,0,0,0,0,0,11
"441","I/II","StepData.ModeDailyMedianSteps",0,0,0,0,0,0,9
"442","II","StepData.ModeDailyMedianSteps",0,0,0,0,0,0,26
"443","II/III","StepData.ModeDailyMedianSteps",0,0,0,0,0,0,4
"444","III","StepData.ModeDailyMedianSteps",0,0,0,0,0,0,11
"446","I/II","StepData.MinimumDailyMedianSteps",0,0,0,0,0,0,9
"447","II","StepData.MinimumDailyMedianSteps",0,0,0,0,0,0,26
"448","II/III","StepData.MinimumDailyMedianSteps",0,0,0,0,0,0,4
"449","III","StepData.MinimumDailyMedianSteps",0,0,0,0,0,0,11
"451","I/II","StepData.StdDevDailyMedianSteps",0,0,0,0,0,0,9
"452","II","StepData.StdDevDailyMedianSteps",0,0,0,0,0,0,26
"453","II/III","StepData.StdDevDailyMedianSteps",0,0,0,0,0,0,4
"454","III","StepData.StdDevDailyMedianSteps",0,0,0,0,0,0,11
"456","I/II","StepData.StdErrDailyMedianSteps",0,0,0,0,0,0,9
"457","II","StepData.StdErrDailyMedianSteps",0,0,0,0,0,0,26
"458","II/III","StepData.StdErrDailyMedianSteps",0,0,0,0,0,0,4
"459","III","StepData.StdErrDailyMedianSteps",0,0,0,0,0,0,11
"461","I/II","StepData.MaximumDailyMeanSteps",6.32824074074074,2.23010756471362,0.743369188237872,7.25347222222222,4.56666666666667,7.66597222222222,9
"462","II","StepData.MaximumDailyMeanSteps",7.5255608974359,2.9195337496862,0.572567675393947,7.61770833333333,5.209375,8.99774305555556,26
"463","II/III","StepData.MaximumDailyMeanSteps",6.11302083333333,2.72806218668702,1.36403109334351,6.42604166666666,4.41267361111111,8.12638888888889,4
"464","III","StepData.MaximumDailyMeanSteps",5.02196969696969,2.98078804093439,0.898741410123446,4.06041666666667,3.42013888888888,5.20104166666667,11
"466","I/II","StepData.MeanDailyMeanSteps",3.84865396757712,1.61692065892175,0.538973552973917,4.35520833333333,2.53824074074074,5.28050595238095,9
"467","II","StepData.MeanDailyMeanSteps",3.79431994460981,1.54695845223107,0.303383512870905,3.48453884078884,2.80389311494883,4.87792038690476,26
"468","II/III","StepData.MeanDailyMeanSteps",3.12452813156512,1.68617751195596,0.843088755977982,2.99020337301587,1.93922526041667,4.17550624416433,4
"469","III","StepData.MeanDailyMeanSteps",2.66310924090529,1.60354531212855,0.48348710315125,2.45884259259259,1.50009259259259,3.54563492063492,11
"471","I/II","StepData.ModeDailyMeanSteps",3.35378086419753,1.97092693035151,0.656975643450502,4.03611111111111,1.24166666666667,5.07638888888889,9
"472","II","StepData.ModeDailyMeanSteps",2.26794871794872,2.56535255028718,0.503107027429206,1.16180555555556,0.0885416666666667,3.31927083333333,26
"473","II/III","StepData.ModeDailyMeanSteps",1.14114583333333,1.3044843141296,0.652242157064801,1.146875,0.0171875,2.27083333333333,4
"474","III","StepData.ModeDailyMeanSteps",1.58813131313131,1.4874017777557,0.448468509938477,1.60208333333333,0.271527777777778,2.621875,11
"476","I/II","StepData.MinimumDailyMeanSteps",1.31041666666667,1.23864533254599,0.41288177751533,1.28055555555556,0.254861111111111,2.00694444444444,9
"477","II","StepData.MinimumDailyMeanSteps",0.674305555555555,1.07086750557955,0.210014396439329,0.138888888888889,0,0.960069444444445,26
"478","II/III","StepData.MinimumDailyMeanSteps",0.567708333333332,1.13541666666666,0.567708333333332,0,0,0.567708333333332,4
"479","III","StepData.MinimumDailyMeanSteps",0.881881313131314,1.09477484853988,0.330087036593176,0.342361111111111,0.0329861111111111,1.60208333333334,11
"481","I/II","StepData.StdDevDailyMeanSteps",1.40209599301003,0.631822656045464,0.210607552015154,1.39120001165996,1.12752472432681,1.93035042073537,9
"482","II","StepData.StdDevDailyMeanSteps",1.9830354695713,0.904738477589877,0.177433813535731,1.78997569246891,1.36779058132343,2.38326694631041,26
"483","II/III","StepData.StdDevDailyMeanSteps",1.70270911875801,0.840289589313682,0.420144794656841,1.51168378536648,1.30025101372251,1.91414189040198,4
"484","III","StepData.StdDevDailyMeanSteps",1.21161886917589,0.764363570189637,0.230464287794137,1.05060208224454,0.823341656567366,1.24788020769642,11
"486","I/II","StepData.StdErrDailyMeanSteps",0.363183581063291,0.164812306082804,0.0549374353609346,0.371813842864821,0.300931772938719,0.492776497498679,9
"487","II","StepData.StdErrDailyMeanSteps",0.495418783024405,0.217529260165472,0.0426609977831209,0.457501673401961,0.352891558996387,0.63138367738219,26
"488","II/III","StepData.StdErrDailyMeanSteps",0.433342956950817,0.19697706497266,0.09848853248633,0.404014485855919,0.34360628262312,0.493751160183616,4
"489","III","StepData.StdErrDailyMeanSteps",0.306045285801209,0.203253214257427,0.061283149920509,0.252513273697153,0.216095356422591,0.296409553902154,11
"491","I/II","StepData.MaximumDailyStdDevSteps",18.6100840350125,4.74432015032705,1.58144005010902,20.6183755854547,14.7569514602535,22.2813284475209,9
"492","II","StepData.MaximumDailyStdDevSteps",20.1013994535367,4.56048120553127,0.894383948399119,20.8554576950024,16.3731592942511,24.3357549710612,26
"493","II/III","StepData.MaximumDailyStdDevSteps",15.5253563544231,2.8767919242542,1.4383959621271,16.7340017249355,15.0133288282457,17.2460292511129,4
"494","III","StepData.MaximumDailyStdDevSteps",14.9374427213633,4.85280120504039,1.46317461630032,13.4676856644989,11.6091691616842,15.6884183192344,11
"496","I/II","StepData.MeanDailyStdDevSteps",12.2426925541744,4.08457067418392,1.36152355806131,13.0331088697522,8.53891030771337,14.7370217218205,9
"497","II","StepData.MeanDailyStdDevSteps",11.8693440605454,3.44060148857019,0.674757466489069,11.2027174488789,9.98623537113339,13.493300672035,26
"498","II/III","StepData.MeanDailyStdDevSteps",9.44337527345019,3.19057771267663,1.59528885633832,9.74711125238137,7.08696830735788,12.1035182184737,4
"499","III","StepData.MeanDailyStdDevSteps",9.23153130179799,4.14238208918542,1.24897519346514,8.81449189111326,6.85248847307797,11.3824638440379,11
"501","I/II","StepData.ModeDailyStdDevSteps",11.0845286568733,4.61613004319628,1.53871001439876,11.0731386892967,8.09221223935234,13.9755966510472,9
"502","II","StepData.ModeDailyStdDevSteps",7.77721697082343,6.86522326149937,1.34638105290601,6.88190848616945,1.28940870923933,11.555404279533,26
"503","II/III","StepData.ModeDailyStdDevSteps",4.1676443799657,4.33589494262666,2.16794747131333,4.19606858263181,0.652219767409728,7.71149319518778,4
"504","III","StepData.ModeDailyStdDevSteps",6.86136095079386,5.31060882264414,1.60120880664197,8.07564849781955,2.10026799767965,10.9554807760317,11
"506","I/II","StepData.MinimumDailyStdDevSteps",5.41603023780087,3.97185495105892,1.32395165035297,6.36175486386268,2.3053049332912,8.23246047840684,9
"507","II","StepData.MinimumDailyStdDevSteps",3.0120663847228,3.63067646267291,0.712034235796585,1.9233378964651,0,5.03805998949714,26
"508","II/III","StepData.MinimumDailyStdDevSteps",2.06961008864979,4.13922017729958,2.06961008864979,0,0,2.06961008864979,4
"509","III","StepData.MinimumDailyStdDevSteps",3.66911216044987,3.70431694633479,1.1168935832316,2.86361468608157,0.735640462978118,6.21148211198617,11
"511","I/II","StepData.StdDevDailyStdDevSteps",3.7603811816376,1.47577513813953,0.491925046046509,3.83503666572579,2.6454572015484,4.8169687303286,9
"512","II","StepData.StdDevDailyStdDevSteps",4.86802684370501,1.87178048685971,0.367086354909994,4.76255726439014,3.33964355055921,5.62508872946258,26
"513","II/III","StepData.StdDevDailyStdDevSteps",4.16165577069322,1.40303940425848,0.701519702129239,4.31888358431145,3.32651533009723,5.15402402490744,4
"514","III","StepData.StdDevDailyStdDevSteps",3.22472963708103,1.37721496120897,0.41524593472673,3.05651314580804,2.3546099031792,4.41285776682029,11
"516","I/II","StepData.StdErrDailyStdDevSteps",0.969384926784598,0.380215292461533,0.126738430820511,1.02495666206156,0.707028177111991,1.20424218258215,9
"517","II","StepData.StdErrDailyStdDevSteps",1.20828204069656,0.431804820990699,0.0846838926267312,1.21182342538861,0.798917755279102,1.4310169409955,26
"518","II/III","StepData.StdErrDailyStdDevSteps",1.06228118106836,0.34167411232714,0.17083705616357,1.12304214150471,0.842206544992169,1.3431167775809,4
"519","III","StepData.StdErrDailyStdDevSteps",0.804661228114176,0.344296130519127,0.103809189245743,0.720427057395565,0.597968478904068,1.04463649151842,11
"521","I/II","StepData.MaximumDailyStdErrSteps",0.490418774981467,0.125023813533883,0.0416746045112944,0.543341904190371,0.388879816124573,0.587164559903912,9
"522","II","StepData.MaximumDailyStdErrSteps",0.529718386917001,0.120179231965577,0.0235690864969643,0.549589566345774,0.431470632188238,0.641303452402654,26
"523","II/III","StepData.MaximumDailyStdErrSteps",0.409129063047878,0.0758101236251822,0.0379050618125911,0.440979665166521,0.395635952986027,0.454472775228372,4
"524","III","StepData.MaximumDailyStdErrSteps",0.393636178481765,0.127882540332811,0.038558036683766,0.354904679258456,0.305928469109249,0.413426123119095,11
"526","I/II","StepData.MeanDailyStdErrSteps",0.322623276369794,0.107637888286256,0.0358792960954185,0.343452575177998,0.225020044235529,0.388354621402742,9
"527","II","StepData.MeanDailyStdErrSteps",0.312784679695957,0.0906678102070632,0.0177814205192516,0.295217526014737,0.263160408527653,0.355579693975927,26
"528","II/III","StepData.MeanDailyStdErrSteps",0.24885478886515,0.0840791051985705,0.0420395525992853,0.256858934704845,0.186758012972326,0.318955710597669,4
"529","III","StepData.MeanDailyStdErrSteps",0.243272210040174,0.109161352837606,0.0329133862699941,0.232282256608357,0.180578926791465,0.299954259430629,11
"531","I/II","StepData.ModeDailyStdErrSteps",0.292102977876055,0.121645707600264,0.0405485692000879,0.291802825875909,0.213248516548709,0.368289308976087,9
"532","II","StepData.ModeDailyStdErrSteps",0.204947662375978,0.180914517932564,0.0354802560473222,0.181354212209474,0.0339789029671174,0.30451164006151,26
"533","II/III","StepData.ModeDailyStdErrSteps",0.109827072652432,0.114260864282544,0.0571304321412722,0.110576116161591,0.0171875,0.203215688814023,4
"534","III","StepData.ModeDailyStdErrSteps",0.180812737108726,0.139946830347839,0.0421955569875731,0.212812023633559,0.0553469214119079,0.28870226762041,11
"536","I/II","StepData.MinimumDailyStdErrSteps",0.142724928564951,0.104667568176356,0.0348891893921188,0.167646960712171,0.0607501190868558,0.216944382159042,9
"537","II","StepData.MinimumDailyStdErrSteps",0.0793749186612753,0.0956767255767476,0.0187637496427884,0.0506844038578902,0,0.132764537961458,26
"538","II/III","StepData.MinimumDailyStdErrSteps",0.0545390145716362,0.109078029143272,0.0545390145716362,0,0,0.0545390145716362,4
"539","III","StepData.MinimumDailyStdErrSteps",0.0966895951470231,0.0976173227131469,0.0294327302253224,0.075462872909382,0.0193858283499303,0.163686925993911,11
"541","I/II","StepData.StdDevDailyStdErrSteps",0.0990947450367512,0.0388900895897544,0.0129633631965848,0.101062089782927,0.0697139184115671,0.126938271713732,9
"542","II","StepData.StdDevDailyStdErrSteps",0.128283771141236,0.0493257468194629,0.00967357482903764,0.125504403687113,0.0880073349404898,0.148234103547037,26
"543","II/III","StepData.StdDevDailyStdErrSteps",0.10966925894145,0.036973334703521,0.0184866673517605,0.113812575629467,0.0876613759547843,0.135820458616133,4
"544","III","StepData.StdDevDailyStdErrSteps",0.0849790874285352,0.0362928008756732,0.0109426911905173,0.0805461936583313,0.0620494191269568,0.116289012779303,11
"546","I/II","StepData.StdErrDailyStdErrSteps",0.0255455358172908,0.0100195527117125,0.00333985090390416,0.0270099796256501,0.0186318284132568,0.0317345679284329,9
"547","II","StepData.StdErrDailyStdErrSteps",0.0318410275373115,0.0113790561580991,0.00223161651524675,0.031934351218126,0.0210533314152581,0.037710607531938,26
"548","II/III","StepData.StdErrDailyStdErrSteps",0.027993567064248,0.00900390343724978,0.00450195171862489,0.0295947589625665,0.0221940911873027,0.0353942348395118,4
"549","III","StepData.StdErrDailyStdErrSteps",0.0212046852139092,0.00907299968352542,0.00273561233393337,0.0189849199115236,0.01575785301936,0.0275285886677114,11
"551","I/II","StepData.MaximumDailyQ1Steps",0,0,0,0,0,0,9
"552","II","StepData.MaximumDailyQ1Steps",0,0,0,0,0,0,26
"553","II/III","StepData.MaximumDailyQ1Steps",0,0,0,0,0,0,4
"554","III","StepData.MaximumDailyQ1Steps",0,0,0,0,0,0,11
"556","I/II","StepData.MeanDailyQ1Steps",0,0,0,0,0,0,9
"557","II","StepData.MeanDailyQ1Steps",0,0,0,0,0,0,26
"558","II/III","StepData.MeanDailyQ1Steps",0,0,0,0,0,0,4
"559","III","StepData.MeanDailyQ1Steps",0,0,0,0,0,0,11
"561","I/II","StepData.ModeDailyQ1Steps",0,0,0,0,0,0,9
"562","II","StepData.ModeDailyQ1Steps",0,0,0,0,0,0,26
"563","II/III","StepData.ModeDailyQ1Steps",0,0,0,0,0,0,4
"564","III","StepData.ModeDailyQ1Steps",0,0,0,0,0,0,11
"566","I/II","StepData.MinimumDailyQ1Steps",0,0,0,0,0,0,9
"567","II","StepData.MinimumDailyQ1Steps",0,0,0,0,0,0,26
"568","II/III","StepData.MinimumDailyQ1Steps",0,0,0,0,0,0,4
"569","III","StepData.MinimumDailyQ1Steps",0,0,0,0,0,0,11
"571","I/II","StepData.StdDevDailyQ1Steps",0,0,0,0,0,0,9
"572","II","StepData.StdDevDailyQ1Steps",0,0,0,0,0,0,26
"573","II/III","StepData.StdDevDailyQ1Steps",0,0,0,0,0,0,4
"574","III","StepData.StdDevDailyQ1Steps",0,0,0,0,0,0,11
"576","I/II","StepData.StdErrDailyQ1Steps",0,0,0,0,0,0,9
"577","II","StepData.StdErrDailyQ1Steps",0,0,0,0,0,0,26
"578","II/III","StepData.StdErrDailyQ1Steps",0,0,0,0,0,0,4
"579","III","StepData.StdErrDailyQ1Steps",0,0,0,0,0,0,11
"581","I/II","StepData.MaximumDailyMinimumSteps",0,0,0,0,0,0,9
"582","II","StepData.MaximumDailyMinimumSteps",0,0,0,0,0,0,26
"583","II/III","StepData.MaximumDailyMinimumSteps",0,0,0,0,0,0,4
"584","III","StepData.MaximumDailyMinimumSteps",0,0,0,0,0,0,11
"586","I/II","StepData.MeanDailyMinimumSteps",0,0,0,0,0,0,9
"587","II","StepData.MeanDailyMinimumSteps",0,0,0,0,0,0,26
"588","II/III","StepData.MeanDailyMinimumSteps",0,0,0,0,0,0,4
"589","III","StepData.MeanDailyMinimumSteps",0,0,0,0,0,0,11
"591","I/II","StepData.ModeDailyMinimumSteps",0,0,0,0,0,0,9
"592","II","StepData.ModeDailyMinimumSteps",0,0,0,0,0,0,26
"593","II/III","StepData.ModeDailyMinimumSteps",0,0,0,0,0,0,4
"594","III","StepData.ModeDailyMinimumSteps",0,0,0,0,0,0,11
"596","I/II","StepData.MinimumDailyMinimumSteps",0,0,0,0,0,0,9
"597","II","StepData.MinimumDailyMinimumSteps",0,0,0,0,0,0,26
"598","II/III","StepData.MinimumDailyMinimumSteps",0,0,0,0,0,0,4
"599","III","StepData.MinimumDailyMinimumSteps",0,0,0,0,0,0,11
"601","I/II","StepData.StdDevDailyMinimumSteps",0,0,0,0,0,0,9
"602","II","StepData.StdDevDailyMinimumSteps",0,0,0,0,0,0,26
"603","II/III","StepData.StdDevDailyMinimumSteps",0,0,0,0,0,0,4
"604","III","StepData.StdDevDailyMinimumSteps",0,0,0,0,0,0,11
"606","I/II","StepData.StdErrDailyMinimumSteps",0,0,0,0,0,0,9
"607","II","StepData.StdErrDailyMinimumSteps",0,0,0,0,0,0,26
"608","II/III","StepData.StdErrDailyMinimumSteps",0,0,0,0,0,0,4
"609","III","StepData.StdErrDailyMinimumSteps",0,0,0,0,0,0,11
"611","I/II","StepData.MaximumDailyModeSteps",0,0,0,0,0,0,9
"612","II","StepData.MaximumDailyModeSteps",0,0,0,0,0,0,26
"613","II/III","StepData.MaximumDailyModeSteps",0,0,0,0,0,0,4
"614","III","StepData.MaximumDailyModeSteps",0,0,0,0,0,0,11
"616","I/II","StepData.MeanDailyModeSteps",0,0,0,0,0,0,9
"617","II","StepData.MeanDailyModeSteps",0,0,0,0,0,0,26
"618","II/III","StepData.MeanDailyModeSteps",0,0,0,0,0,0,4
"619","III","StepData.MeanDailyModeSteps",0,0,0,0,0,0,11
"621","I/II","StepData.ModeDailyModeSteps",0,0,0,0,0,0,9
"622","II","StepData.ModeDailyModeSteps",0,0,0,0,0,0,26
"623","II/III","StepData.ModeDailyModeSteps",0,0,0,0,0,0,4
"624","III","StepData.ModeDailyModeSteps",0,0,0,0,0,0,11
"626","I/II","StepData.MinimumDailyModeSteps",0,0,0,0,0,0,9
"627","II","StepData.MinimumDailyModeSteps",0,0,0,0,0,0,26
"628","II/III","StepData.MinimumDailyModeSteps",0,0,0,0,0,0,4
"629","III","StepData.MinimumDailyModeSteps",0,0,0,0,0,0,11
"631","I/II","StepData.StdDevDailyModeSteps",0,0,0,0,0,0,9
"632","II","StepData.StdDevDailyModeSteps",0,0,0,0,0,0,26
"633","II/III","StepData.StdDevDailyModeSteps",0,0,0,0,0,0,4
"634","III","StepData.StdDevDailyModeSteps",0,0,0,0,0,0,11
"636","I/II","StepData.StdErrDailyModeSteps",0,0,0,0,0,0,9
"637","II","StepData.StdErrDailyModeSteps",0,0,0,0,0,0,26
"638","II/III","StepData.StdErrDailyModeSteps",0,0,0,0,0,0,4
"639","III","StepData.StdErrDailyModeSteps",0,0,0,0,0,0,11
"641","I/II","StepData.MaximumDailyIQR",0.555555555555556,1.33333333333333,0.444444444444444,0,0,0,9
"642","II","StepData.MaximumDailyIQR",3.01923076923077,6.28725817702879,1.23303277429483,0,0,4,26
"643","II/III","StepData.MaximumDailyIQR",4,4.89897948556636,2.44948974278318,3,0,7,4
"644","III","StepData.MaximumDailyIQR",1.09090909090909,2.58667916273145,0.779913112346444,0,0,0,11
"646","I/II","StepData.MeanDailyIQR",0.0357142857142857,0.0837574242825612,0.0279191414275204,0,0,0,9
"647","II","StepData.MeanDailyIQR",0.49945054945055,1.00386132234935,0.196873402753861,0,0,0.389285714285714,26
"648","II/III","StepData.MeanDailyIQR",0.724789915966387,1.18127022150102,0.590635110750511,0.214285714285714,0,0.939075630252102,4
"649","III","StepData.MeanDailyIQR",0.0779220779220779,0.184762797337961,0.0557080794533174,0,0,0,11
"651","I/II","StepData.ModeDailyIQR",0,0,0,0,0,0,9
"652","II","StepData.ModeDailyIQR",0,0,0,0,0,0,26
"653","II/III","StepData.ModeDailyIQR",0,0,0,0,0,0,4
"654","III","StepData.ModeDailyIQR",0,0,0,0,0,0,11
"656","I/II","StepData.MinimumDailyIQR",0,0,0,0,0,0,9
"657","II","StepData.MinimumDailyIQR",0,0,0,0,0,0,26
"658","II/III","StepData.MinimumDailyIQR",0,0,0,0,0,0,4
"659","III","StepData.MinimumDailyIQR",0,0,0,0,0,0,11
"661","I/II","StepData.StdDevDailyIQR",0.140806804656936,0.334101325440596,0.111367108480199,0,0,0,9
"662","II","StepData.StdDevDailyIQR",0.910356018454968,1.67078083238225,0.327667079509765,0,0,1.20491379528591,26
"663","II/III","StepData.StdDevDailyIQR",1.40912998833656,1.90556598395892,0.952782991979462,0.801783725737275,0,2.21091371407383,4
"664","III","StepData.StdDevDailyIQR",0.291557718449918,0.6913190854606,0.208440546989495,0,0,0,11
"666","I/II","StepData.StdErrDailyIQR",0.0357142857142857,0.0837574242825612,0.0279191414275204,0,0,0,9
"667","II","StepData.StdErrDailyIQR",0.226600653741555,0.400986671109894,0.0786399561799985,0,0,0.313558357568487,26
"668","II/III","StepData.StdErrDailyIQR",0.351676521088679,0.463937988777201,0.2319689943886,0.214285714285714,0,0.565962235374394,4
"669","III","StepData.StdErrDailyIQR",0.077922077922078,0.184762797337961,0.0557080794533175,0,0,0,11
"671","I/II","StepData.MaximumDailySkewness",11.3560923955944,11.1026737822056,3.92538796034982,7.26633816003062,5.7710111085689,10.2843127523074,8
"672","II","StepData.MaximumDailySkewness",13.2238410907748,9.74828910880254,2.43707227720063,9.87809094417715,6.20778953335777,17.3693382302487,16
"673","II/III","StepData.MaximumDailySkewness",5.23708517381296,NA,NA,5.23708517381296,5.23708517381296,5.23708517381296,1
"674","III","StepData.MaximumDailySkewness",12.392480363287,8.42833426103624,2.80944475367875,10.3740096270431,6.25844759933175,12.5858318697137,9
"676","I/II","StepData.MeanDailySkewness",5.19683265652447,1.52922969278717,0.540664342880814,4.42131215676571,4.14492110672233,6.86039062062646,8
"677","II","StepData.MeanDailySkewness",5.29573508804474,1.30121393489696,0.325303483724239,4.9733899428251,4.37259718060273,6.31084721468454,16
"678","II/III","StepData.MeanDailySkewness",4.1104234209569,NA,NA,4.1104234209569,4.1104234209569,4.1104234209569,1
"679","III","StepData.MeanDailySkewness",5.76576010457311,1.83197483516098,0.610658278386995,5.27596865688529,4.48385422370712,6.56062028740832,9
"681","I/II","StepData.ModeDailySkewness",5.18156507195642,2.3425531297334,0.780851043244466,4.31462533944235,3.46129595344122,6.11362629940786,9
"682","II","StepData.ModeDailySkewness",8.63057933624298,8.60824426110805,1.87847290129509,4.99796132253106,3.61270449230845,10.073180147946,21
"683","II/III","StepData.ModeDailySkewness",15.8299253166241,19.0867926494902,11.0197648741498,5.00515901604542,4.81073218446002,21.4367352984988,3
"684","III","StepData.ModeDailySkewness",9.21798654177192,7.88512144158614,2.62837381386205,6.73307886629401,4.85889240045366,10.1597249853978,9
"686","I/II","StepData.MinimumDailySkewness",3.61429275221016,1.00096803275733,0.353895641856834,3.50307024745287,3.00203288398479,3.77501859372668,8
"687","II","StepData.MinimumDailySkewness",3.20623360487552,0.597014451917003,0.149253612979251,3.21961845368513,2.80431391685036,3.46804141526678,16
"688","II/III","StepData.MinimumDailySkewness",2.58573845486204,NA,NA,2.58573845486204,2.58573845486204,2.58573845486204,1
"689","III","StepData.MinimumDailySkewness",3.7045328403894,1.12604627575394,0.375348758584648,3.7609301278781,2.91662560187653,4.17925657307656,9
"691","I/II","StepData.StdDevDailySkewness",2.00073830548209,2.6796743342263,0.947407946551481,0.912581598400763,0.713259615970887,1.70584105018309,8
"692","II","StepData.StdDevDailySkewness",2.53506172806951,2.27689062238664,0.569222655596659,1.6214325029302,0.923288573470163,3.80947203702544,16
"693","II/III","StepData.StdDevDailySkewness",0.582230918165333,NA,NA,0.582230918165333,0.582230918165333,0.582230918165333,1
"694","III","StepData.StdDevDailySkewness",2.178260587511,1.91945982191459,0.639819940638197,1.7679336167051,0.881524481923413,2.07352595900799,9
"696","I/II","StepData.StdErrDailySkewness",0.508321152118409,0.668794721014459,0.236454641225545,0.226070925598251,0.189238429961062,0.449436092459637,8
"697","II","StepData.StdErrDailySkewness",0.645684272745449,0.570771140254031,0.142692785063508,0.433346064410295,0.238392084586237,0.974781235000692,16
"698","II/III","StepData.StdErrDailySkewness",0.155607758268678,NA,NA,0.155607758268678,0.155607758268678,0.155607758268678,1
"699","III","StepData.StdErrDailySkewness",0.546772920757758,0.466982142985413,0.155660714328471,0.441983404176275,0.235597327815058,0.518381489751997,9
"701","I/II","StepData.MaximumDailyKurtosis",249.662964673904,482.275237050349,170.510045258326,62.9421806685601,42.3271751157757,140.641970892339,8
"702","II","StepData.MaximumDailyKurtosis",283.849222511695,386.882425904598,96.7206064761495,119.893721525357,43.7099988911888,362.89802732174,16
"703","II/III","StepData.MaximumDailyKurtosis",31.1742229717782,NA,NA,31.1742229717782,31.1742229717782,31.1742229717782,1
"704","III","StepData.MaximumDailyKurtosis",237.059299527323,295.107738094122,98.369246031374,143.812435206991,43.5278547491297,187.252759552402,9
"706","I/II","StepData.MeanDailyKurtosis",43.1210038070312,36.7916398827095,13.0078090260187,23.6355871435741,19.1292807145473,63.0760038336826,8
"707","II","StepData.MeanDailyKurtosis",44.8175949862742,31.1932623677389,7.79831559193471,37.0519081064236,22.6798708352609,51.1708605739999,16
"708","II/III","StepData.MeanDailyKurtosis",19.1241551683784,NA,NA,19.1241551683784,19.1241551683784,19.1241551683784,1
"709","III","StepData.MeanDailyKurtosis",49.5316341980573,32.7799788091263,10.9266596030421,34.4321096507667,24.2305357224024,74.2141075406931,9
"711","I/II","StepData.ModeDailyKurtosis",36.4214034426445,37.3932314279391,12.4644104759797,20.7048555017309,13.961939594271,46.5993141972231,9
"712","II","StepData.ModeDailyKurtosis",149.984498703403,330.957309557891,72.2208058499031,31.4408613098358,15.5909766944548,112.517300490707,21
"713","II/III","StepData.ModeDailyKurtosis",496.740964060417,810.836057235281,468.136415913445,32.2870432914047,28.6093634806702,732.645604255657,3
"714","III","StepData.ModeDailyKurtosis",149.232496623086,280.170165517441,93.3900551724805,45.83156043816,26.0630530788479,123.897112913819,9
"716","I/II","StepData.MinimumDailyKurtosis",15.3823191133353,11.1444930142666,3.940173291637,13.3407534579078,9.12866688884481,15.3598758474034,8
"717","II","StepData.MinimumDailyKurtosis",10.7403300112215,5.02935584027467,1.25733896006867,9.94878997597459,7.06441471419073,13.0387852103853,16
"718","II/III","StepData.MinimumDailyKurtosis",6.61520545544334,NA,NA,6.61520545544334,6.61520545544334,6.61520545544334,1
"719","III","StepData.MinimumDailyKurtosis",15.6387785954545,9.22700996339042,3.07566998779681,15.9007894781635,8.24518436553457,19.31540743951,9
"721","I/II","StepData.StdDevDailyKurtosis",59.9245074518992,119.120210478853,42.115354302983,13.2977938000243,8.96912065257273,30.416036112398,8
"722","II","StepData.StdDevDailyKurtosis",68.4626540259651,95.0987917869188,23.7746979467297,28.937147492374,10.7894300896216,89.1085295099833,16
"723","II/III","StepData.StdDevDailyKurtosis",5.53367772123496,NA,NA,5.53367772123496,5.53367772123496,5.53367772123496,1
"724","III","StepData.StdDevDailyKurtosis",54.4440241217997,71.0518724708811,23.6839574902937,34.3337516466809,9.82759114857356,40.9707276565047,9
"726","I/II","StepData.StdErrDailyKurtosis",15.084084368912,29.7591336859892,10.5214426158,3.55398488568984,2.37922745329349,7.41902782732098,8
"727","II","StepData.StdErrDailyKurtosis",17.3321785156788,24.0758053244212,6.01895133110531,7.73377797621487,2.7858188701449,22.7696463898563,16
"728","II/III","StepData.StdErrDailyKurtosis",1.47893758012037,NA,NA,1.47893758012037,1.47893758012037,1.47893758012037,1
"729","III","StepData.StdErrDailyKurtosis",13.5520217094464,17.5013286478622,5.83377621595408,8.58343791167022,2.62653421537532,10.9498875555332,9
"731","I/II","StepData.TotalActiveMinutes_Pure",2932.33333333333,752.04537762026,250.681792540087,3113,2822,3291,9
"732","II","StepData.TotalActiveMinutes_Pure",2985.07692307692,944.257715799111,185.184173796931,2870,2388.25,3623.75,26
"733","II/III","StepData.TotalActiveMinutes_Pure",2797,1533.54773863309,766.773869316545,2377.5,1791.75,3382.75,4
"734","III","StepData.TotalActiveMinutes_Pure",2308.72727272727,955.053201754655,287.959375004344,2669,1680,3062,11
"736","I/II","StepData.MeanActiveMinutes_Pure",196.702130325815,59.0102165450061,19.6700721816687,222.357142857143,187.375,233.875,9
"737","II","StepData.MeanActiveMinutes_Pure",191.926396054289,70.3067451420921,13.7882871314124,184.224242424243,150.096875,238.125,26
"738","II/III","StepData.MeanActiveMinutes_Pure",180.895089285714,85.9374934678414,42.9687467339207,169.821428571428,124.627232142857,226.089285714285,4
"739","III","StepData.MeanActiveMinutes_Pure",149.856997607655,70.6213868727047,21.2931493119356,177.933333333333,95.83125,206.236607142857,11
"741","I/II","StepData.StdDevActiveMinutes_Pure",56.100579633271,29.5798306803747,9.85994356012491,51.0216573996722,28.1269232146676,80.2578137421315,9
"742","II","StepData.StdDevActiveMinutes_Pure",81.233169268175,34.5233240279213,6.77058088047912,72.3398173297348,58.8552815888135,99.9211054304538,26
"743","II/III","StepData.StdDevActiveMinutes_Pure",93.0330406372115,46.8801686019952,23.4400843009976,78.9457290592782,62.2743142187806,109.704455477709,4
"744","III","StepData.StdDevActiveMinutes_Pure",56.4961836670423,24.3152123195544,7.33131236016264,63.6478981982512,38.2282333289001,79.2418518005451,11
"746","I/II","StepData.ModeActiveMinutes_Pure",198.444444444444,96.5545326630385,32.1848442210128,199,163,266,9
"747","II","StepData.ModeActiveMinutes_Pure",149.192307692308,127.631976943325,25.0306900381708,153.5,20,237.75,26
"748","II/III","StepData.ModeActiveMinutes_Pure",125.5,150.858653491715,75.4293267458575,98,1.5,222,4
"749","III","StepData.ModeActiveMinutes_Pure",115.909090909091,107.632202008,32.4523299472975,82,15.5,216,11
"751","I/II","StepData.MaxActiveMinutes_Pure",284.444444444444,77.6693490237801,25.8897830079267,302,246,344,9
"752","II","StepData.MaxActiveMinutes_Pure",313.730769230769,93.7731550892078,18.390428755809,313,246.75,368.5,26
"753","II/III","StepData.MaxActiveMinutes_Pure",329.5,137.25523669427,68.6276183471349,322.5,238.25,413.75,4
"754","III","StepData.MaxActiveMinutes_Pure",246.272727272727,93.887263150111,28.3080749511163,248,180,304,11
"756","I/II","StepData.TotalActiveMinutes_PosMET",826.888888888889,586.35557566302,195.45185855434,749,615,763,9
"757","II","StepData.TotalActiveMinutes_PosMET",753.153846153846,501.028437700512,98.2597607961468,678.5,430.75,900.25,26
"758","II/III","StepData.TotalActiveMinutes_PosMET",477.5,343.8512275195,171.92561375975,410.5,216.5,671.5,4
"759","III","StepData.TotalActiveMinutes_PosMET",448.545454545455,339.019280760361,102.218159179843,315,203,720,11
"761","I/II","StepData.MeanActiveMinutes_PosMET",56.9494708994709,42.8297703772752,14.2765901257584,47.2857142857143,38.4375,54.5,9
"762","II","StepData.MeanActiveMinutes_PosMET",48.1216058719462,34.2608938683476,6.71911409183984,38.8261904761905,28.5607142857142,56.8785714285714,26
"763","II/III","StepData.MeanActiveMinutes_PosMET",30.8371848739496,20.4412800729178,10.2206400364589,29.3214285714285,15.0714285714285,45.0871848739496,4
"764","III","StepData.MeanActiveMinutes_PosMET",28.9674109516215,22.2384361523085,6.70514078558929,21.3571428571429,13.2166666666667,45.5277777777778,11
"766","I/II","StepData.StdDevActiveMinutes_PosMET",24.2728837107997,13.8774262511667,4.62580875038891,24.9077464523255,17.9432867240519,28.6245111287972,9
"767","II","StepData.StdDevActiveMinutes_PosMET",30.0894300030477,17.2338366133975,3.37983343022245,27.0715543495388,16.957408249111,37.5775395196545,26
"768","II/III","StepData.StdDevActiveMinutes_PosMET",19.3313189903979,8.79402314235311,4.39701157117655,17.3893234262973,14.8264089378401,21.8942334788551,4
"769","III","StepData.StdDevActiveMinutes_PosMET",17.3064827151522,13.6358260765337,4.1113562547642,11.4059560464405,10.0863507317462,20.7616764119962,11
"771","I/II","StepData.ModeActiveMinutes_PosMET",42.1111111111111,40.2164283733788,13.4054761244596,28,13,55,9
"772","II","StepData.ModeActiveMinutes_PosMET",34.1923076923077,45.7261581423756,8.9676374096001,13.5,4.5,50.75,26
"773","II/III","StepData.ModeActiveMinutes_PosMET",4.75,9.5,4.75,0,0,4.75,4
"774","III","StepData.ModeActiveMinutes_PosMET",25.7272727272727,20.4992239320951,6.18074857056667,28,6.5,46,11
"776","I/II","StepData.MaxActiveMinutes_PosMET",104,65.2839949757979,21.7613316585993,86,80,117,9
"777","II","StepData.MaxActiveMinutes_PosMET",109.5,62.2184859989376,12.2020490082609,99.5,61.25,139.25,26
"778","II/III","StepData.MaxActiveMinutes_PosMET",72.75,33.5695794830181,16.784789741509,75.5,51.75,96.5,4
"779","III","StepData.MaxActiveMinutes_PosMET",64.9090909090909,50.7157856006481,15.291384707769,43,35,79.5,11
"781","I/II","StepData.TotalMETClass.BelowMin",21093.1111111111,2768.12804275942,922.709347586474,20843,19397,22291,9
"782","II","StepData.TotalMETClass.BelowMin",22729.9230769231,5142.95975425106,1008.61739017494,20894.5,19681.5,22755.5,26
"783","II/III","StepData.TotalMETClass.BelowMin",21482.5,2026.93701595947,1013.46850797973,21397,19839.75,23039.75,4
"784","III","StepData.TotalMETClass.BelowMin",22591.4545454545,3184.95809591386,960.300997922823,22167,19951,23867.5,11
"786","I/II","StepData.MeanMETClass.BelowMin",1383.05052910053,42.8297703772738,14.2765901257579,1392.71428571429,1385.5,1401.5625,9
"787","II","StepData.MeanMETClass.BelowMin",1391.87839412805,34.2608938683477,6.71911409183985,1401.17380952381,1383.12142857143,1411.43928571429,26
"788","II/III","StepData.MeanMETClass.BelowMin",1409.16281512605,20.4412800729186,10.2206400364593,1410.67857142857,1394.91281512605,1424.92857142857,4
"789","III","StepData.MeanMETClass.BelowMin",1411.03258904838,22.2384361523095,6.70514078558957,1418.64285714286,1394.47222222222,1426.78333333334,11
"791","I/II","StepData.StdDevMETClass.BelowMin",24.2728837107997,13.8774262511667,4.62580875038891,24.9077464523255,17.9432867240519,28.6245111287972,9
"792","II","StepData.StdDevMETClass.BelowMin",30.0894300030477,17.2338366133975,3.37983343022245,27.0715543495388,16.957408249111,37.5775395196545,26
"793","II/III","StepData.StdDevMETClass.BelowMin",19.3313189903979,8.79402314235311,4.39701157117655,17.3893234262973,14.8264089378401,21.8942334788551,4
"794","III","StepData.StdDevMETClass.BelowMin",17.3064827151522,13.6358260765337,4.1113562547642,11.4059560464405,10.0863507317462,20.7616764119962,11
"796","I/II","StepData.ModeMETClass.BelowMin",1397.88888888889,40.2164283733788,13.4054761244596,1412,1385,1427,9
"797","II","StepData.ModeMETClass.BelowMin",1405.80769230769,45.7261581423756,8.9676374096001,1426.5,1389.25,1435.5,26
"798","II/III","StepData.ModeMETClass.BelowMin",1435.25,9.5,4.75,1440,1435.25,1440,4
"799","III","StepData.ModeMETClass.BelowMin",1414.27272727273,20.4992239320951,6.18074857056667,1412,1394,1433.5,11
"801","I/II","StepData.MaxMETClass.BelowMin",1421.33333333333,23.6220236220354,7.87400787401181,1435,1414,1439,9
"802","II","StepData.MaxMETClass.BelowMin",1434.65384615385,11.5410304832534,2.26338229388763,1439.5,1436.25,1440,26
"803","II/III","StepData.MaxMETClass.BelowMin",1435.25,9.5,4.75,1440,1435.25,1440,4
"804","III","StepData.MaxMETClass.BelowMin",1435,7.77174369109018,2.34326889001435,1439,1433,1440,11
"806","I/II","StepData.OverallMETClass.BelowMin.PercentageAll",0.960451756319812,0.02974289609533,0.00991429869844334,0.967162698412698,0.962152777777778,0.973307291666667,9
"807","II","StepData.OverallMETClass.BelowMin.PercentageAll",0.966582218144482,0.0237922874085746,0.00466605145266654,0.973037367724868,0.960500992063492,0.980166170634921,26
"808","II/III","StepData.OverallMETClass.BelowMin.PercentageAll",0.978585288281979,0.0141953333839707,0.00709766669198536,0.979637896825397,0.968689454948646,0.98953373015873,4
"809","III","StepData.OverallMETClass.BelowMin.PercentageAll",0.979883742394707,0.0154433584391031,0.00465634776777032,0.985168650793651,0.968383487654321,0.990821759259259,11
"811","I/II","StepData.TotalMETClassNegligible",417.777777777778,326.790750243094,108.930250081031,326,200,499,9
"812","II","StepData.TotalMETClassNegligible",323.730769230769,326.006694126646,63.935172881294,216.5,154,328.25,26
"813","II/III","StepData.TotalMETClassNegligible",260.5,212.769828688186,106.384914344093,205.5,100.75,365.25,4
"814","III","StepData.TotalMETClassNegligible",202.727272727273,179.630226247751,54.1605510427673,163,87.5,257,11
"816","I/II","StepData.MeanMETClassNegligible",28.8061333890281,23.6972066907977,7.89906889693255,23.2857142857143,12.5,33.2666666666667,9
"817","II","StepData.MeanMETClassNegligible",20.6077625490058,21.7498115996127,4.26548899089969,13.3376623376624,9.99553571428573,21.4047619047619,26
"818","II/III","StepData.MeanMETClassNegligible",16.6995798319328,12.5029274165483,6.25146370827416,14.6785714285715,7,24.3781512605042,4
"819","III","StepData.MeanMETClassNegligible",12.7668479911901,10.4204897564762,3.14189587763394,11.6428571428571,4.88125,17.8169642857143,11
"821","I/II","StepData.StdDevMETClassNegligible",12.0175844106484,10.1692121774953,3.38973739249842,8.27414880586145,6.04379620168256,15.6030780282624,9
"822","II","StepData.StdDevMETClassNegligible",11.7935566251178,10.0480426348884,1.970583287258,8.08947166974143,6.00995499783463,13.5702667527778,26
"823","II/III","StepData.StdDevMETClassNegligible",9.71148839961161,6.7797983561816,3.3898991780908,7.05517473882669,5.78467081167676,10.9819923267615,4
"824","III","StepData.StdDevMETClassNegligible",7.10829929518582,4.91984261268846,1.48338836126267,6.49777289781499,3.80386044312161,9.05127513067499,11
"826","I/II","StepData.ModeMETClassNegligible",21.6666666666667,18.4255257726883,6.14184192422943,18,7,30,9
"827","II","StepData.ModeMETClassNegligible",16.3846153846154,22.7069626732893,4.45320176021251,8.5,2.5,18.75,26
"828","II/III","StepData.ModeMETClassNegligible",5,10,5,0,0,5,4
"829","III","StepData.ModeMETClassNegligible",12.3636363636364,12.4520900034711,3.75444639974991,8,2,21,11
"831","I/II","StepData.MaxMETClassNegligible",53.1111111111111,44.5938461125648,14.8646153708549,36,26,73,9
"832","II","StepData.MaxMETClassNegligible",42.5769230769231,35.8130401691039,7.02351502551319,32,23,46.75,26
"833","II/III","StepData.MaxMETClassNegligible",36.5,24.3926218353009,12.1963109176505,32.5,17.25,51.75,4
"834","III","StepData.MaxMETClassNegligible",27.0909090909091,18.1573926842735,5.47465988226175,22,15,40.5,11
"836","I/II","StepData.OverallMETClassNegligible.Percentage",0.538040054712242,0.100230550861348,0.0334101836204492,0.529627095178905,0.454278682375795,0.610816443282118,9
"837","II","StepData.OverallMETClassNegligible.Percentage",0.452922669970824,0.119636135455456,0.0234625765083923,0.432596773207981,0.394668907768665,0.521266021695961,26
"838","II/III","StepData.OverallMETClassNegligible.Percentage",0.57055262846466,0.0389729372785828,0.0194864686392914,0.564538021292376,0.549333986724678,0.585756663032358,4
"839","III","StepData.OverallMETClassNegligible.Percentage",0.542623261240544,0.170259562397497,0.0513351895856909,0.56711983392678,0.472844357438194,0.65550770351495,11
"841","I/II","StepData.OverallMETClassNegligible.PercentageAll",0.0200042592979362,0.0164563935352762,0.00548546451175872,0.0161706349206349,0.00868055555555556,0.0231018518518519,9
"842","II","StepData.OverallMETClassNegligible.PercentageAll",0.0143109462145873,0.0151040358330643,0.00296214513256922,0.00926226551226552,0.00694134424603175,0.014864417989418,26
"843","II/III","StepData.OverallMETClassNegligible.PercentageAll",0.0115969304388422,0.00868258848371411,0.00434129424185705,0.0101934523809524,0.00486111111111111,0.0169292717086834,4
"844","III","StepData.OverallMETClassNegligible.PercentageAll",0.00886586666054867,0.00723645121977512,0.00218187213724579,0.00808531746031746,0.00338975694444445,0.0123728918650793,11
"846","I/II","StepData.TotalMETClassSedentary",124.888888888889,77.5813193437126,25.8604397812375,107,75,168,9
"847","II","StepData.TotalMETClassSedentary",115.115384615385,70.7142570762513,13.8682067969624,109,60.75,131.75,26
"848","II/III","StepData.TotalMETClassSedentary",90.75,66.5601231970014,33.2800615985007,82,36.5,136.25,4
"849","III","StepData.TotalMETClassSedentary",61.6363636363636,39.0621881805736,11.7776928804744,62,32.5,80,11
"851","I/II","StepData.MeanMETClassSedentary",8.58038150932888,5.72225806163094,1.90741935387698,7.35714285714286,4.6875,12,9
"852","II","StepData.MeanMETClassSedentary",7.33121842364129,4.63580581640823,0.909156319965096,6.54017857142857,4.02455357142857,9.03214285714286,26
"853","II/III","StepData.MeanMETClassSedentary",5.8844537815126,4.09723043919303,2.04861521959652,5.85714285714285,2.53571428571428,9.20588235294118,4
"854","III","StepData.MeanMETClassSedentary",3.96484772537404,2.49887748045823,0.753439909068056,4.375,1.90625,5.50396825396825,11
"856","I/II","StepData.StdDevMETClassSedentary",5.46963930252362,3.6553739516031,1.2184579838677,3.607836403786,3.21908372056397,6.99921502663056,9
"857","II","StepData.StdDevMETClassSedentary",5.62866154423726,3.63475770588225,0.71283463344136,4.5800448960024,3.62745766647829,7.36308901575503,26
"858","II/III","StepData.StdDevMETClassSedentary",4.20037040873471,2.21271207373273,1.10635603686636,3.84916304569135,2.50853367022873,5.54099978419733,4
"859","III","StepData.StdDevMETClassSedentary",3.08214025189871,1.2963010865247,0.390849483575678,3.3935944832115,1.76536192529756,3.84530230955604,11
"861","I/II","StepData.ModeMETClassSedentary",7.55555555555556,5.52519481808359,1.84173160602786,8,3,9,9
"862","II","StepData.ModeMETClassSedentary",4.76923076923077,5.62357674301822,1.10287413649371,3,1,7.5,26
"863","II/III","StepData.ModeMETClassSedentary",5.25,4.99165971062398,2.49582985531199,5.5,1.5,9.25,4
"864","III","StepData.ModeMETClassSedentary",2.45454545454545,2.69679944985297,0.813115628181742,2,0.5,2.5,11
"866","I/II","StepData.MaxMETClassSedentary",19.5555555555556,12.2893359372172,4.09644531240573,13,11,28,9
"867","II","StepData.MaxMETClassSedentary",20.3461538461538,14.3469642996484,2.81367118941254,16.5,13,24.75,26
"868","II/III","StepData.MaxMETClassSedentary",14.75,8.34166250416147,4.17083125208073,13.5,8.5,19.75,4
"869","III","StepData.MaxMETClassSedentary",11,4.83735464897913,1.45851730441319,12,7,14,11
"871","I/II","StepData.OverallMETClassSedentary.Percentage",0.174113577624184,0.0534586084905226,0.0178195361635075,0.145196720608113,0.138937459119743,0.213935417198161,9
"872","II","StepData.OverallMETClassSedentary.Percentage",0.169686905997108,0.0663085938701845,0.0130041851562681,0.163114033612097,0.13059698584814,0.182508213345074,26
"873","II/III","StepData.OverallMETClassSedentary.Percentage",0.184878073280137,0.0134407078574029,0.00672035392870144,0.181427501577286,0.178250042335496,0.188055532521928,4
"874","III","StepData.OverallMETClassSedentary.Percentage",0.152319316635668,0.0543592834129321,0.0163899406321169,0.152039720880301,0.125702943273853,0.176483294222023,11
"876","I/II","StepData.OverallMETClassSedentary.PercentageAll",0.00595859827036728,0.00397379032057705,0.00132459677352568,0.00510912698412698,0.00325520833333333,0.00833333333333333,9
"877","II","StepData.OverallMETClassSedentary.PercentageAll",0.00509112390530646,0.00321930959472794,0.000631358555531317,0.00454179067460317,0.00279482886904762,0.00627232142857143,26
"878","II/III","StepData.OverallMETClassSedentary.PercentageAll",0.00408642623716153,0.00284529891610627,0.00142264945805314,0.00406746031746032,0.00176091269841269,0.00639297385620915,4
"879","III","StepData.OverallMETClassSedentary.PercentageAll",0.0027533664759542,0.00173533158365155,0.00052322215907504,0.00303819444444444,0.00132378472222222,0.00382220017636685,11
"881","I/II","StepData.TotalMETClassVeryLight",49.5555555555556,35.5918217822266,11.8639405940755,49,32,69,9
"882","II","StepData.TotalMETClassVeryLight",58.8076923076923,42.3395977597986,8.30347827595701,46.5,25.25,81.75,26
"883","II/III","StepData.TotalMETClassVeryLight",37.5,26.7145403603855,13.3572701801928,34.5,17.25,54.75,4
"884","III","StepData.TotalMETClassVeryLight",35.1818181818182,28.3471980337323,8.54700179416276,24,15.5,60,11
"886","I/II","StepData.MeanMETClassVeryLight",3.39619186856029,2.51213850722408,0.837379502408025,3.26666666666667,2,4.875,9
"887","II","StepData.MeanMETClassVeryLight",3.71746090041235,2.65223985676563,0.520147030168327,2.76190476190476,1.6266447368421,5.55,26
"888","II/III","StepData.MeanMETClassVeryLight",2.4187237394958,1.630245635814,0.815122817906998,2.37946428571428,1.10491071428571,3.69327731092437,4
"889","III","StepData.MeanMETClassVeryLight",2.30019461532619,1.89904156970774,0.572582577091647,1.6,1.01339285714286,3.8015873015873,11
"891","I/II","StepData.StdDevMETClassVeryLight",2.76944791381757,2.02403339746546,0.674677799155153,1.94569121026803,1.71269767715535,3.22166430267352,9
"892","II","StepData.StdDevMETClassVeryLight",3.57340958297418,2.55950698998749,0.501960618735513,2.81184450945047,1.7789960828168,4.90299950094962,26
"893","II/III","StepData.StdDevMETClassVeryLight",2.38422233798076,0.89526612858067,0.447633064290335,2.30952312139901,1.76730903571601,2.92643642366377,4
"894","III","StepData.StdDevMETClassVeryLight",2.22930119312087,1.72540508850393,0.520229208176136,1.66207701385947,1.29658249603162,2.91359278844368,11
"896","I/II","StepData.ModeMETClassVeryLight",2,2.12132034355964,0.707106781186547,1,1,2,9
"897","II","StepData.ModeMETClassVeryLight",1.61538461538462,2.72876416096259,0.535154680951572,0,0,2,26
"898","II/III","StepData.ModeMETClassVeryLight",1.25,1.89296944860009,0.946484724300046,0.5,0,1.75,4
"899","III","StepData.ModeMETClassVeryLight",0.636363636363636,1.12006493318265,0.337712284018304,0,0,1,11
"901","I/II","StepData.MaxMETClassVeryLight",9.66666666666667,7.05336798983294,2.35112266327765,7,6,10,9
"902","II","StepData.MaxMETClassVeryLight",12.5,9.66333275842243,1.89513547313601,9.5,6.25,16.5,26
"903","II/III","StepData.MaxMETClassVeryLight",7.75,3.30403793359983,1.65201896679992,8,5.5,10.25,4
"904","III","StepData.MaxMETClassVeryLight",6.81818181818182,4.97630750292186,1.50041316623838,5,4,10,11
"906","I/II","StepData.OverallMETClassVeryLight.Percentage",0.0539139726678587,0.0276991852764588,0.00923306175881962,0.060128643620419,0.0363202539544219,0.0643614357498802,9
"907","II","StepData.OverallMETClassVeryLight.Percentage",0.0744319166988966,0.0253338423744533,0.00496837525467775,0.0671687432422189,0.0587808284959169,0.0896559269615395,26
"908","II/III","StepData.OverallMETClassVeryLight.Percentage",0.0663444034071306,0.0126195583450868,0.00630977917254341,0.0714585444202057,0.0647163773828357,0.0730865704445006,4
"909","III","StepData.OverallMETClassVeryLight.Percentage",0.067124410114483,0.0210075261830003,0.00633400746568901,0.0726259945668293,0.0595078353405154,0.0761946262454903,11
"911","I/II","StepData.OverallMETClassVeryLight.PercentageAll",0.00235846657538909,0.00174454063001672,0.000581513543338906,0.00226851851851852,0.00138888888888889,0.00338541666666667,9
"912","II","StepData.OverallMETClassVeryLight.PercentageAll",0.0025815700697308,0.00184183323386502,0.000361213215394671,0.00191798941798941,0.00112961440058479,0.00385416666666667,26
"913","II/III","StepData.OverallMETClassVeryLight.PercentageAll",0.00167966926353875,0.00113211502487083,0.000566057512435416,0.00165240575396825,0.000767299107142857,0.00256477591036415,4
"914","III","StepData.OverallMETClassVeryLight.PercentageAll",0.0015973573717543,0.0013187788678526,0.000397626789646977,0.00111111111111111,0.00070374503968254,0.00263999118165785,11
"916","I/II","StepData.TotalMETClassLight",105.222222222222,72.6941843921812,24.2313947973937,118,57,161,9
"917","II","StepData.TotalMETClassLight",115.346153846154,78.1869259186943,15.3337177295098,102.5,51,162,26
"918","II/III","StepData.TotalMETClassLight",55.25,27.6812210713328,13.8406105356664,55.5,33.25,77.5,4
"919","III","StepData.TotalMETClassLight",91.7272727272727,146.193769298894,44.0790799502009,55,17,76,11
"921","I/II","StepData.MeanMETClassLight",7.2816485658591,5.27555314576411,1.7585177152547,7.4375,3.5625,11.5,9
"922","II","StepData.MeanMETClassLight",7.3763056098469,5.40274936930207,1.05956632542778,5.02380952380953,3.20729166666667,10.7023809523809,26
"923","II/III","StepData.MeanMETClassLight",3.62552521008404,1.77675655295839,0.888378276479194,3.66176470588236,2.3125,4.97478991596639,4
"924","III","StepData.MeanMETClassLight",6.22666135034556,10.4752265986658,3.15839965652047,3.55555555555556,1.13839285714285,5.10714285714285,11
"926","I/II","StepData.StdDevMETClassLight",5.65715595818546,3.51822403811913,1.17274134603971,5.68037557443754,3.05436845627155,7.79716828940695,9
"927","II","StepData.StdDevMETClassLight",6.51908429956615,3.7706903013513,0.739493208704052,5.62965489111992,3.39418425899099,9.53931550737042,26
"928","II/III","StepData.StdDevMETClassLight",3.38862694268518,0.399702178287041,0.199851089143521,3.56737931889466,3.34169091627699,3.61431534530285,4
"929","III","StepData.StdDevMETClassLight",5.88119170621255,9.45684858479978,2.8513471322713,2.99454842362549,2.06847079345753,4.62992337649158,11
"931","I/II","StepData.ModeMETClassLight",4.11111111111111,5.73246117397328,1.91082039132443,2,0,5,9
"932","II","StepData.ModeMETClassLight",4.34615384615385,5.41806096453193,1.06256917630706,2,0,6,26
"933","II/III","StepData.ModeMETClassLight",0.5,1,0.5,0,0,0.5,4
"934","III","StepData.ModeMETClassLight",3.72727272727273,9.15522702166264,2.76040480921618,0,0,2.5,11
"936","I/II","StepData.MaxMETClassLight",19.6666666666667,12.3186849947549,4.10622833158497,18,11,28,9
"937","II","StepData.MaxMETClassLight",23.7692307692308,13.946491149555,2.73513194298961,20,12,29.75,26
"938","II/III","StepData.MaxMETClassLight",10.25,1.89296944860009,0.946484724300046,9.5,9,10.75,4
"939","III","StepData.MaxMETClassLight",18.5454545454545,27.0457524811703,8.15460119571503,9,7,15.5,11
"941","I/II","StepData.OverallMETClassLight.Percentage",0.115423498494254,0.0685055575662741,0.0228351858554247,0.0934372195093526,0.07435291983268,0.144628167373509,9
"942","II","StepData.OverallMETClassLight.Percentage",0.147702874019969,0.070789701869637,0.0138830027382575,0.132617726019927,0.0884045349872536,0.192201531848224,26
"943","II/III","StepData.OverallMETClassLight.Percentage",0.113408447146754,0.020330763004307,0.0101653815021535,0.123368530815518,0.11301334898937,0.123763628972903,4
"944","III","StepData.OverallMETClassLight.Percentage",0.133278783556318,0.120508566271852,0.0363346998497647,0.120302466520107,0.0553060619802213,0.152163771445167,11
"946","I/II","StepData.OverallMETClassLight.PercentageAll",0.00505670039295771,0.0036635785734473,0.00122119285781577,0.00516493055555556,0.00247395833333333,0.00798611111111111,9
"947","II","StepData.OverallMETClassLight.PercentageAll",0.00512243445128257,0.00375190928423754,0.000735809948213737,0.00348875661375661,0.00222728587962963,0.00743220899470899,26
"948","II/III","StepData.OverallMETClassLight.PercentageAll",0.00251772584033614,0.00123385871733221,0.000616929358666106,0.00254289215686275,0.00160590277777778,0.0034547152194211,4
"949","III","StepData.OverallMETClassLight.PercentageAll",0.00432407038218442,0.00727446291574012,0.00219333309480588,0.00246913580246914,0.000790550595238095,0.00354662698412698,11
"951","I/II","StepData.TotalMETClassLowModerate",123.222222222222,141.810417263488,47.2701390878292,65,33,198,9
"952","II","StepData.TotalMETClassLowModerate",137.807692307692,116.160585133089,22.7809650116913,98,69,142.5,26
"953","II/III","StepData.TotalMETClassLowModerate",33.5,18.1199705665692,9.05998528328459,36.5,27,43,4
"954","III","StepData.TotalMETClassLowModerate",56.0909090909091,63.5239396534166,19.1531884577783,25,12,85,11
"956","I/II","StepData.MeanMETClassLowModerate",8.49325048732944,10.1130377591965,3.37101258639885,4.64285714285714,2.0625,12.375,9
"957","II","StepData.MeanMETClassLowModerate",8.93426035549447,7.78794365677694,1.52734141064103,6.75,3.83928571428571,9.353125,26
"958","II/III","StepData.MeanMETClassLowModerate",2.20890231092437,1.13654413499242,0.56827206749621,2.60714285714286,1.90848214285715,2.90756302521009,4
"959","III","StepData.MeanMETClassLowModerate",3.63499563302195,4.12904351488392,1.24495346199275,1.78571428571429,0.715789473684211,6.07142857142857,11
"961","I/II","StepData.StdDevMETClassLowModerate",8.48918953036555,6.85661418209704,2.28553806069901,8.23320801909646,2.73774324859693,11.6669047594753,9
"962","II","StepData.StdDevMETClassLowModerate",9.28218563841698,6.57564931949431,1.28959093056325,6.47804629389096,5.38283589517044,12.3667383551158,26
"963","II/III","StepData.StdDevMETClassLowModerate",3.31244642679445,1.94346004863072,0.97173002431536,3.19676856310783,2.34532310965287,4.16389188024942,4
"964","III","StepData.StdDevMETClassLowModerate",4.1565058196963,3.06352772887669,0.923688364684872,2.57755520788076,2.0840864991041,6.21988964992672,11
"966","I/II","StepData.ModeMETClassLowModerate",4.11111111111111,10.1420466924143,3.38068223080475,0,0,2,9
"967","II","StepData.ModeMETClassLowModerate",2.61538461538462,5.81086515470406,1.13960441594971,0,0,2,26
"968","II/III","StepData.ModeMETClassLowModerate",0,0,0,0,0,0,4
"969","III","StepData.ModeMETClassLowModerate",1.72727272727273,4.14947970451499,1.25111520500646,0,0,0,11
"971","I/II","StepData.MaxMETClassLowModerate",26.8888888888889,19.4450793547137,6.48169311823788,32,7,34,9
"972","II","StepData.MaxMETClassLowModerate",30.5384615384615,20.0344318995688,3.92907535383259,24,15.25,46.25,26
"973","II/III","StepData.MaxMETClassLowModerate",11,6.83130051063973,3.41565025531987,10,7,14,4
"974","III","StepData.MaxMETClassLowModerate",13.9090909090909,9.36434242704255,2.8234554762642,9,8,22,11
"976","I/II","StepData.OverallMETClassLowModerate.Percentage",0.11083431006302,0.0843460402604597,0.0281153467534866,0.0732365248075742,0.0419075924631714,0.148343265606439,9
"977","II","StepData.OverallMETClassLowModerate.Percentage",0.152260294561329,0.0935027475173471,0.0183373974679036,0.142018582926361,0.0798958586327049,0.184705450914955,26
"978","II/III","StepData.OverallMETClassLowModerate.Percentage",0.0648164477013177,0.0342435505631821,0.017121775281591,0.0484247407675308,0.0472747629537552,0.0659664255150933,4
"979","III","StepData.OverallMETClassLowModerate.Percentage",0.103296735921494,0.0886074394611346,0.0267161482115195,0.0634920634920635,0.0486167422924505,0.149411736629584,11
"981","I/II","StepData.OverallMETClassLowModerate.PercentageAll",0.005898090616201,0.00702294288833093,0.00234098096277698,0.00322420634920635,0.00143229166666667,0.00859375,9
"982","II","StepData.OverallMETClassLowModerate.PercentageAll",0.00620434746909339,0.0054082942060951,0.00106065375738961,0.0046875,0.00266617063492063,0.00649522569444444,26
"983","II/III","StepData.OverallMETClassLowModerate.PercentageAll",0.00153395993814192,0.000789266760411402,0.000394633380205701,0.00181051587301587,0.00132533482142857,0.00201914098972922,4
"984","III","StepData.OverallMETClassLowModerate.PercentageAll",0.00252430252293191,0.0028673913297805,0.00086455101527274,0.00124007936507937,0.000497076023391813,0.00421626984126984,11
"986","I/II","StepData.TotalMETClassModerate",6.22222222222222,17.5697024574819,5.85656748582729,0,0,0,9
"987","II","StepData.TotalMETClassModerate",2.19230769230769,4.93979133785411,0.968772785569027,0,0,1.75,26
"988","II/III","StepData.TotalMETClassModerate",0,0,0,0,0,0,4
"989","III","StepData.TotalMETClassModerate",1.18181818181818,3.91964747951093,1.18181818181818,0,0,0,11
"991","I/II","StepData.MeanMETClassModerate",0.391865079365079,1.09752849926065,0.365842833086885,0,0,0,9
"992","II","StepData.MeanMETClassModerate",0.144341623288992,0.327848480195203,0.0642963768468106,0,0,0.0968045112781956,26
"993","II/III","StepData.MeanMETClassModerate",0,0,0,0,0,0,4
"994","III","StepData.MeanMETClassModerate",0.0738636363636364,0.244977967469433,0.0738636363636364,0,0,0,11
"996","I/II","StepData.StdDevMETClassModerate",0.554087451597844,1.45779008115314,0.485930027051045,0,0,0,9
"997","II","StepData.StdDevMETClassModerate",0.298817694894084,0.586895430334383,0.115099663527441,0,0,0.303291636209836,26
"998","II/III","StepData.StdDevMETClassModerate",0,0,0,0,0,0,4
"999","III","StepData.StdDevMETClassModerate",0.125172057892866,0.415148750267282,0.125172057892866,0,0,0,11
"1001","I/II","StepData.ModeMETClassModerate",0,0,0,0,0,0,9
"1002","II","StepData.ModeMETClassModerate",0,0,0,0,0,0,26
"1003","II/III","StepData.ModeMETClassModerate",0,0,0,0,0,0,4
"1004","III","StepData.ModeMETClassModerate",0,0,0,0,0,0,11
"1006","I/II","StepData.MaxMETClassModerate",1.44444444444444,3.64386851817924,1.21462283939308,0,0,0,9
"1007","II","StepData.MaxMETClassModerate",1,1.97989898732233,0.38829013735766,0,0,1,26
"1008","II/III","StepData.MaxMETClassModerate",0,0,0,0,0,0,4
"1009","III","StepData.MaxMETClassModerate",0.363636363636364,1.20604537831105,0.363636363636364,0,0,0,11
"1011","I/II","StepData.OverallMETClassModerate.Percentage",0.00767458643844196,0.0223102430401015,0.00743674768003384,0,0,0,9
"1012","II","StepData.OverallMETClassModerate.Percentage",0.0027754995939812,0.00616317412950807,0.00120869789046276,0,0,0.00186137285920627,26
"1013","II/III","StepData.OverallMETClassModerate.Percentage",0,0,0,0,0,0,4
"1014","III","StepData.OverallMETClassModerate.Percentage",0.00135749253149316,0.00450229338267253,0.00135749253149316,0,0,0,11
"1016","I/II","StepData.OverallMETClassModerate.PercentageAll",0.00027212852733686,0.000762172568931009,0.000254057522977003,0,0,0,9
"1017","II","StepData.OverallMETClassModerate.PercentageAll",0.000100237238395133,0.000227672555691113,4.4650261699174e-05,0,0,6.72253550543025e-05,26
"1018","II/III","StepData.OverallMETClassModerate.PercentageAll",0,0,0,0,0,0,4
"1019","III","StepData.OverallMETClassModerate.PercentageAll",5.12941919191919e-05,0.000170123588520439,5.12941919191919e-05,0,0,0,11
"1021","I/II","StepData.TotalMETClassVigorous",0,0,0,0,0,0,9
"1022","II","StepData.TotalMETClassVigorous",0.153846153846154,0.784464540552736,0.153846153846154,0,0,0,26
"1023","II/III","StepData.TotalMETClassVigorous",0,0,0,0,0,0,4
"1024","III","StepData.TotalMETClassVigorous",0,0,0,0,0,0,11
"1026","I/II","StepData.MeanMETClassVigorous",0,0,0,0,0,0,9
"1027","II","StepData.MeanMETClassVigorous",0.0102564102564103,0.0522976360368491,0.0102564102564103,0,0,0,26
"1028","II/III","StepData.MeanMETClassVigorous",0,0,0,0,0,0,4
"1029","III","StepData.MeanMETClassVigorous",0,0,0,0,0,0,11
"1031","I/II","StepData.StdDevMETClassVigorous",0,0,0,0,0,0,9
"1032","II","StepData.StdDevMETClassVigorous",0.0228314169117178,0.116417840355822,0.0228314169117178,0,0,0,26
"1033","II/III","StepData.StdDevMETClassVigorous",0,0,0,0,0,0,4
"1034","III","StepData.StdDevMETClassVigorous",0,0,0,0,0,0,11
"1036","I/II","StepData.ModeMETClassVigorous",0,0,0,0,0,0,9
"1037","II","StepData.ModeMETClassVigorous",0,0,0,0,0,0,26
"1038","II/III","StepData.ModeMETClassVigorous",0,0,0,0,0,0,4
"1039","III","StepData.ModeMETClassVigorous",0,0,0,0,0,0,11
"1041","I/II","StepData.MaxMETClassVigorous",0,0,0,0,0,0,9
"1042","II","StepData.MaxMETClassVigorous",0.0769230769230769,0.392232270276368,0.0769230769230769,0,0,0,26
"1043","II/III","StepData.MaxMETClassVigorous",0,0,0,0,0,0,4
"1044","III","StepData.MaxMETClassVigorous",0,0,0,0,0,0,11
"1046","I/II","StepData.OverallMETClassVigorous.Percentage",0,0,0,0,0,0,9
"1047","II","StepData.OverallMETClassVigorous.Percentage",0.000219839157892255,0.00112096415594442,0.000219839157892255,0,0,0,26
"1048","II/III","StepData.OverallMETClassVigorous.Percentage",0,0,0,0,0,0,4
"1049","III","StepData.OverallMETClassVigorous.Percentage",0,0,0,0,0,0,11
"1051","I/II","StepData.OverallMETClassVigorous.PercentageAll",0,0,0,0,0,0,9
"1052","II","StepData.OverallMETClassVigorous.PercentageAll",7.12250712250712e-06,3.63178028033674e-05,7.12250712250712e-06,0,0,0,26
"1053","II/III","StepData.OverallMETClassVigorous.PercentageAll",0,0,0,0,0,0,4
"1054","III","StepData.OverallMETClassVigorous.PercentageAll",0,0,0,0,0,0,11
"1056","I/II","BMI",26.5930009459643,7.08557648383225,2.36185882794408,23.9927569035763,21.5138585105239,29.320987654321,9
"1057","II","BMI",28.9999204566131,6.07549644422914,1.191502881688,27.5562263837178,24.9891844351735,31.7113082662926,26
"1058","II/III","BMI",28.410432258151,7.5223750244134,3.7611875122067,30.4077957589879,25.7748412014428,33.0433868156962,4
"1059","III","BMI",30.8779638357717,6.66056478059197,2.00823584264358,29.6296296296296,27.0339452473213,32.76433018151,11
