"","PureNYHAClass","variable","mean","sd","sem","median","q1","q3","n"
"1","II","Handedness",0.884615384615385,0.325812593608421,0.0638971066378314,1,1,1,26
"2","III","Handedness",1,0,0,1,1,1,11
"4","II","WristbandPreference",0.346153846153846,0.485164524037584,0.0951485913604076,0,0,1,26
"5","III","WristbandPreference",0.2,0.421637021355784,0.133333333333333,0,0,0,10
"7","II","NYHAClassMixed",NA,NA,NA,NA,NA,NA,0
"8","III","NYHAClassMixed",NA,NA,NA,NA,NA,NA,0
"10","II","EjectionFraction",31,9.64365076099295,5.56776436283002,35,27.5,36.5,3
"11","III","EjectionFraction",NA,NA,NA,NA,NA,NA,0
"13","II","HFDiagnosisYear",13999.6,17890.1357131055,3578.0271426211,2011,2001,36923,25
"14","III","HFDiagnosisYear",16563.625,20109.5364508448,7109.79479545522,2004,1995.25,40603,8
"16","II","HFTreatmentsToDate",NA,NA,NA,NA,NA,NA,0
"17","III","HFTreatmentsToDate",NA,NA,NA,NA,NA,NA,0
"19","II","RegularPhysicalActivities",NA,NA,NA,NA,NA,NA,0
"20","III","RegularPhysicalActivities",NA,NA,NA,NA,NA,NA,0
"22","II","Exercises",NA,NA,NA,NA,NA,NA,0
"23","III","Exercises",NA,NA,NA,NA,NA,NA,0
"25","II","DeviceID",NA,NA,NA,NA,NA,NA,0
"26","III","DeviceID",NA,NA,NA,NA,NA,NA,0
"28","II","ID",28.9615384615385,14.5037395708301,2.84441734968193,29.5,16.25,40.5,26
"29","III","ID",27.1818181818182,17.7359419361825,5.34758770053152,28,14.5,41.5,11
"31","II","CPSDate",NA,NA,NA,NA,NA,NA,0
"32","III","CPSDate",NA,NA,NA,NA,NA,NA,0
"34","II","Sex",0.115384615384615,0.325812593608421,0.0638971066378314,0,0,0,26
"35","III","Sex",0.0909090909090909,0.301511344577764,0.0909090909090909,0,0,0,11
"37","II","Age",54.9615384615385,13.9956586675462,2.74477448659239,57,45,65.75,26
"38","III","Age",57.8181818181818,12.8593793148673,3.87724874766111,58,52.5,67.5,11
"40","II","Height",173.961538461538,7.97737184406378,1.56449133461796,175,170,177,26
"41","III","Height",175.272727272727,9.52985738708517,2.87336011441438,175,170,181.5,11
"43","II","Weight",87.6230769230769,18.6859585291696,3.66461796809313,84.5,79,93.75,26
"44","III","Weight",94.3545454545455,17.4408350509007,5.25860962675607,94,82,104,11
"46","II","SBP.Resting",112.192307692308,14.6205861189468,2.86733284310282,109.5,102,115,26
"47","III","SBP.Resting",101.818181818182,17.0869434470778,5.15190729345265,94,91,108.5,11
"49","II","DBP.Resting",69.2692307692308,8.34533494741915,1.63665483632146,70,65,72,26
"50","III","DBP.Resting",64.6363636363636,11.4041459765537,3.43847938715179,60,56,73.5,11
"52","II","HR.Resting",67,12.3353151560874,2.41915433412333,66,60,73,26
"53","III","HR.Resting",69.3636363636364,13.0940652760915,3.94800922738336,70,61.5,80,11
"55","II","O2Sat.Resting",98.48,1.0847426730182,0.21694853460364,99,98,99,25
"56","III","O2Sat.Resting",98.0909090909091,1.57826141399614,0.475863721029178,98,97.5,99,11
"58","II","FEV.Resting",2.526,0.771864625436352,0.15437292508727,2.59,2.08,2.87,25
"59","III","FEV.Resting",2.58363636363636,0.877453961496245,0.264562323735818,2.29,2.015,3.215,11
"61","II","FEV.Resting.Percentage",70.08,23.2538885637076,4.65077771274153,75,63,86,25
"62","III","FEV.Resting.Percentage",74.2727272727273,16.395675704837,4.94348222702637,81,64.5,87,11
"64","II","FVC.Resting",3.2812,0.945124859476249,0.18902497189525,3.33,2.74,3.7,25
"65","III","FVC.Resting",3.35818181818182,0.953433984938844,0.287471162765046,3.05,2.645,4.04,11
"67","II","FVC.Resting.Percentage",72.8,17.0904456739236,3.41808913478472,76,63,83,25
"68","III","FVC.Resting.Percentage",73.3636363636364,12.6828445332483,3.82402150829042,75,65.5,82.5,11
"70","II","SBP",134.115384615385,18.5565663269408,3.639242069475,130,120,144,26
"71","III","SBP",116.818181818182,20.2623699592036,6.10933441073156,110,103,130,11
"73","II","DBP",73.6538461538462,9.33356226825453,1.83046215912166,70,70,79.5,26
"74","III","DBP",69.5454545454545,11.0214666570619,3.32309723098972,64,60,80,11
"76","II","HR",109.692307692308,18.2049866372249,3.57029161953484,113,100.5,121.75,26
"77","III","HR",95.6363636363636,19.3611607465706,5.83760960928471,93,79.5,114,11
"79","II","HR.1min",90.28,14.6529860438069,2.93059720876138,91,80,100,25
"80","III","HR.1min",82.8181818181818,12.2296212682011,3.68736955225212,80,74.5,93.5,11
"82","II","HR.1minDrop",23.4,15.1079449297381,3.02158898594763,23,14,32,25
"83","III","HR.1minDrop",12.8181818181818,8.71571203996761,2.62788605612324,17,4.5,19.5,11
"85","II","O2Sat",98.12,1.39403491108843,0.278806982217686,98,98,99,25
"86","III","O2Sat",98.1818181818182,1.60113596038449,0.482760656267336,99,97.5,99,11
"88","II","Duration",9.95782051282052,2.79432900986706,0.548013005719636,9.98333333333333,8.23333333333334,11.8625,26
"89","III","Duration",7.71212121212122,2.29609681983593,0.692299239429457,7.16666666666667,5.94166666666666,9.15,11
"91","II","Watts",94.4,29.022979401387,5.8045958802774,100,80,110,25
"92","III","Watts",73.6363636363636,23.3549683248457,7.0417879021953,70,55,90,11
"94","II","Watts.Predicted.Percentage",59.92,20.2852984531491,4.05705969062982,59,48,77,25
"95","III","Watts.Predicted.Percentage",47.1818181818182,11.7372755085512,3.53892172026293,44,38.5,55,11
"97","II","TestEnd.Reason",NA,NA,NA,NA,NA,NA,0
"98","III","TestEnd.Reason",NA,NA,NA,NA,NA,NA,0
"100","II","TestEnd.Symptom",NA,NA,NA,NA,NA,NA,0
"101","III","TestEnd.Symptom",NA,NA,NA,NA,NA,NA,0
"103","II","VO2.perBodyWeight",14.3807692307692,3.28670281355272,0.644575453141756,14.35,11.775,16.5,26
"104","III","VO2.perBodyWeight",12.3363636363636,2.98907100192442,0.901238816828635,12.3,11.45,13.3,11
"106","II","VO2.Predicted.Relative",29.2307692307692,5.63969993746258,1.10603615507422,28.3,25.325,32.775,26
"107","III","VO2.Predicted.Relative",28.8909090909091,5.59847381800693,1.68800336845068,28.9,24.2,32.3,11
"109","II","VO2.Predicted.Relative.Percentage",50.5,13.2249763704893,2.59363125307417,51,40.5,60,26
"110","III","VO2.Predicted.Relative.Percentage",42.9090909090909,8.11732154660077,2.44746453388565,43,37,47.5,11
"112","II","VO2",1.26411538461538,0.409159756273569,0.0802428300544537,1.244,0.99375,1.4515,26
"113","III","VO2",1.14590909090909,0.375833062554495,0.113317932027585,1.098,0.8765,1.261,11
"115","II","VO2.Predicted.Absolute",2.32880769230769,0.556932456890835,0.109223440978444,2.315,1.81675,2.6455,26
"116","III","VO2.Predicted.Absolute",2.32881818181818,0.61441546500423,0.185253232982797,2.231,1.8865,2.7765,11
"118","II","VO2.Predicted.Absolute.Percentage",55.8076923076923,16.6901629249549,3.27321024766876,56,45.25,65,26
"119","III","VO2.Predicted.Absolute.Percentage",49.4545454545455,8.91474774027439,2.68789757774171,51,45.5,53,11
"121","II","VE.Peak",45.4864,13.1992092187373,2.63984184374746,49,34,54.8,25
"122","III","VE.Peak",42.4545454545455,13.6789154275011,4.12434818291137,40.4,33.1,53,11
"124","II","VCO2.Peak",1.40638461538462,0.465413972882042,0.0912751896009337,1.32,1.13025,1.58425,26
"125","III","VCO2.Peak",1.14718181818182,0.40602729420122,0.122421835409881,1.014,0.912,1.372,11
"127","II","VEperVCO2.Peak",33.3846153846154,6.4997041352783,1.27469685455245,32,28.25,36,26
"128","III","VEperVCO2.Peak",37.5454545454545,6.05580112559249,1.82589273987293,38,33.5,39.5,11
"130","II","VEperVCO2.atAT",32.9615384615385,4.7284734892417,0.927329945813445,31.5,30,35.75,26
"131","III","VEperVCO2.atAT",38.7272727272727,5.83251076451487,1.75856816287316,40,33,41,11
"133","II","AT",9.58076923076923,2.52254145349792,0.494711080585869,9.55,7.225,11.15,26
"134","III","AT",8.1,1.38162545173751,0.436908330074958,8.25,7.25,8.9,10
"136","II","VO2.Peak.Measured.Percentage",66.1538461538462,7.01821805128514,1.37638579977508,67,62.25,70.75,26
"137","III","VO2.Peak.Measured.Percentage",64.4,6.83455273672763,2.16127534365964,63,59.25,67.75,10
"139","II","VO2.Peak.Predicted.Percentage",33.6153846153846,9.78192996530612,1.91839429898823,33,28.25,37.5,26
"140","III","VO2.Peak.Predicted.Percentage",28,4.76095228569523,1.50554530541816,29,25,30.75,10
"142","II","RER.Peak",1.11615384615385,0.0823687767580373,0.0161538461538462,1.115,1.05,1.15,26
"143","III","RER.Peak",1.00290909090909,0.0826141084143072,0.0249090909090909,1.01,0.96,1.055,11
"145","II","RPEper20.Peak",16.3333333333333,0.816496580927726,0.333333333333333,16.5,16,17,6
"146","III","RPEper20.Peak",16,NA,NA,16,16,16,1
"148","II","PETCO2.Peak",32.5,1.91485421551268,0.957427107756338,33,31.5,34,4
"149","III","PETCO2.Peak",30,1.4142135623731,1,30,29.5,30.5,2
"151","II","OUES",1.22633333333333,0.251563775876682,0.145240413720761,1.147,1.0855,1.3275,3
"152","III","OUES",1.209,0.231931024229188,0.164,1.209,1.127,1.291,2
"154","II","TotalRiskScore",8.33333333333333,2.88675134594813,1.66666666666667,10,7.5,10,3
"155","III","TotalRiskScore",11.5,4.94974746830583,3.5,11.5,9.75,13.25,2
"157","II","StepData.LongestActiveStreak",46.7692307692308,32.4657452615001,6.36705648506621,39,24.5,59.25,26
"158","III","StepData.LongestActiveStreak",37.1818181818182,32.5785763403442,9.8228103568065,26,17,46.5,11
"160","II","StepData.HighestValuedStreak",3244.61538461538,2296.16276560566,450.314567238787,2853.5,1310.25,4116,26
"161","III","StepData.HighestValuedStreak",2098,2278.41910104353,686.969206667294,1162,694.5,2021,11
"163","II","StepData.OverallMaximum",125.538461538462,18.3198925089221,3.59282651499678,123,115,129.25,26
"164","III","StepData.OverallMaximum",112.909090909091,15.4107400565615,4.64651295539226,111,104.5,115,11
"166","II","StepData.OverallQ3",0,0,0,0,0,0,26
"167","III","StepData.OverallQ3",0,0,0,0,0,0,11
"169","II","StepData.OverallMean",3.79431994460981,1.54695845223107,0.303383512870905,3.48453884078884,2.80389311494883,4.87792038690476,26
"170","III","StepData.OverallMean",2.66310924090529,1.60354531212855,0.48348710315125,2.45884259259259,1.50009259259259,3.54563492063492,11
"172","II","StepData.OverallStdDev",13.087504512972,3.33924368433205,0.654879565655791,13.1658023768193,11.4865237217673,14.720837418654,26
"173","III","StepData.OverallStdDev",9.98900487593237,3.95270653150261,1.19178586103466,9.20152626417489,7.59647432402325,11.8744844769795,11
"175","II","StepData.OverallMedian",0,0,0,0,0,0,26
"176","III","StepData.OverallMedian",0,0,0,0,0,0,11
"178","II","StepData.OverallMode",0,0,0,0,0,0,26
"179","III","StepData.OverallMode",0,0,0,0,0,0,11
"181","II","StepData.OverallQ1",0,0,0,0,0,0,26
"182","III","StepData.OverallQ1",0,0,0,0,0,0,11
"184","II","StepData.OverallMinimum",0,0,0,0,0,0,26
"185","III","StepData.OverallMinimum",0,0,0,0,0,0,11
"187","II","StepData.OverallTotal",85124,30413.1967777148,5964.51860924249,87933,62718.5,107863.5,26
"188","III","StepData.OverallTotal",58733.3636363636,32214.3141267131,9712.9811669957,53123,40436.5,72918,11
"190","II","StepData.Overalln",23483.0769230769,5066.9870883836,993.717924568872,21600,20160,23040,26
"191","III","StepData.Overalln",23040,3088.45592489192,931.204498583323,23040,20160,24480,11
"193","II","StepData.OverallStdErr",0.087331887181605,0.0256041570358388,0.00502138832133985,0.0866883946454051,0.0718476961627095,0.100936959274793,26
"194","III","StepData.OverallStdErr",0.0670162509604344,0.0285817334356841,0.00861771687855632,0.0614712841448221,0.0499432390228135,0.0810199654325479,11
"196","II","StepData.OverallSkewness",5.20174508237356,1.47312700501344,0.288903974790924,4.79524892709401,4.13712901913234,5.95329544643345,26
"197","III","StepData.OverallSkewness",6.49645808130482,2.97400702012449,0.896696855421443,5.44370545455716,4.44773787638444,7.34988051176484,11
"199","II","StepData.OverallKurtosis",33.443743430822,21.6336832920519,4.24271435604073,27.024966712708,18.6162838594833,41.1911231653345,26
"200","III","StepData.OverallKurtosis",61.4194419703875,62.113248582974,18.7278490963454,36.0255217967342,23.2193434229642,67.6160317142385,11
"202","II","StepData.OverallIQR",0,0,0,0,0,0,26
"203","III","StepData.OverallIQR",0,0,0,0,0,0,11
"205","II","StepData.MaximumDailyTotalSteps",10836.8076923077,4204.12859954812,824.497452567284,10969.5,7501.5,12956.75,26
"206","III","StepData.MaximumDailyTotalSteps",7231.63636363636,4292.33477894554,1294.18763057777,5847,4925,7489.5,11
"208","II","StepData.MeanDailyTotalSteps",5463.82072023812,2227.62017121275,436.872258534104,5017.73593073593,4037.60608552631,7024.20535714286,26
"209","III","StepData.MeanDailyTotalSteps",3834.87730690362,2309.10524946511,696.221428537799,3540.73333333333,2160.13333333334,5105.71428571429,11
"211","II","StepData.ModeDailyTotalSteps",3265.84615384615,3694.10767241354,724.474119498057,1673,127.5,4779.75,26
"212","III","StepData.ModeDailyTotalSteps",2286.90909090909,2141.85855996821,645.794654311407,2307,391,3775.5,11
"214","II","StepData.MinimumDailyTotalSteps",971,1542.04920803456,302.420730872635,200,0,1382.5,26
"215","III","StepData.MinimumDailyTotalSteps",1269.90909090909,1576.47578189742,475.325332694173,493,47.5,2307,11
"217","II","StepData.StdDevDailyTotalSteps",2855.57107618268,1302.82340772942,255.504691491453,2577.56499715523,1969.61843710573,3431.90440268699,26
"218","III","StepData.StdDevDailyTotalSteps",1744.73117161327,1100.68354107307,331.868574423557,1512.86699843213,1185.61198545701,1796.94749908283,11
"220","II","StepData.StdErrDailyTotalSteps",713.403047555142,313.242134638279,61.431836807694,658.802409698824,508.163844954798,909.192495430353,26
"221","III","StepData.StdErrDailyTotalSteps",440.70521155374,292.684628530694,88.2477358855329,363.6191141239,311.17731324853,426.829757619101,11
"223","II","StepData.MaximumDailyMaximumSteps",125.538461538462,18.3198925089221,3.59282651499678,123,115,129.25,26
"224","III","StepData.MaximumDailyMaximumSteps",112.909090909091,15.4107400565615,4.64651295539226,111,104.5,115,11
"226","II","StepData.MeanDailyMaximumSteps",95.096869767911,17.9031091204797,3.51108856766564,96.8666666666667,87.6607142857143,105.133928571428,26
"227","III","StepData.MeanDailyMaximumSteps",80.6526477177793,23.1097264609446,6.96784469806374,88.0714285714286,76.6696428571428,92.2321428571428,11
"229","II","StepData.ModeDailyMaximumSteps",92.8461538461538,41.9701725587992,8.23102803331438,111,88.25,114.75,26
"230","III","StepData.ModeDailyMaximumSteps",65,42.2279528274815,12.7322068357803,88,35,95,11
"232","II","StepData.MinimumDailyMaximumSteps",36.8076923076923,34.6283343298741,6.79117509504781,43.5,0,61.25,26
"233","III","StepData.MinimumDailyMaximumSteps",40.8181818181818,30.1257968585669,9.08326951730306,43,17.5,63.5,11
"235","II","StepData.StdDevDailyMaximumSteps",26.2055596307268,13.2920014980026,2.60677596203923,20.6132891443849,16.4117262764572,34.9716975486707,26
"236","III","StepData.StdDevDailyMaximumSteps",21.4468839402402,10.7053078438678,3.22777176212345,23.482984253509,11.9575469004217,29.0444654614679,11
"238","II","StepData.StdErrDailyMaximumSteps",6.42916750246241,3.08475039284909,0.604969324911559,5.33182352571896,4.29598665522068,8.42606120144377,26
"239","III","StepData.StdErrDailyMaximumSteps",5.2641770575397,2.38547236731435,0.719246980922051,6.23760935901036,3.07579009301827,6.80224206948929,11
"241","II","StepData.MaximumDailyQ3Steps",3.01923076923077,6.28725817702879,1.23303277429483,0,0,4,26
"242","III","StepData.MaximumDailyQ3Steps",1.09090909090909,2.58667916273145,0.779913112346444,0,0,0,11
"244","II","StepData.MeanDailyQ3Steps",0.49945054945055,1.00386132234935,0.196873402753861,0,0,0.389285714285714,26
"245","III","StepData.MeanDailyQ3Steps",0.0779220779220779,0.184762797337961,0.0557080794533174,0,0,0,11
"247","II","StepData.ModeDailyQ3Steps",0,0,0,0,0,0,26
"248","III","StepData.ModeDailyQ3Steps",0,0,0,0,0,0,11
"250","II","StepData.MinimumDailyQ3Steps",0,0,0,0,0,0,26
"251","III","StepData.MinimumDailyQ3Steps",0,0,0,0,0,0,11
"253","II","StepData.StdDevDailyQ3Steps",0.910356018454968,1.67078083238225,0.327667079509765,0,0,1.20491379528591,26
"254","III","StepData.StdDevDailyQ3Steps",0.291557718449918,0.6913190854606,0.208440546989495,0,0,0,11
"256","II","StepData.StdErrDailyQ3Steps",0.226600653741555,0.400986671109894,0.0786399561799985,0,0,0.313558357568487,26
"257","III","StepData.StdErrDailyQ3Steps",0.077922077922078,0.184762797337961,0.0557080794533175,0,0,0,11
"259","II","StepData.MaximumDailyMedianSteps",0,0,0,0,0,0,26
"260","III","StepData.MaximumDailyMedianSteps",0,0,0,0,0,0,11
"262","II","StepData.MeanDailyMedianSteps",0,0,0,0,0,0,26
"263","III","StepData.MeanDailyMedianSteps",0,0,0,0,0,0,11
"265","II","StepData.ModeDailyMedianSteps",0,0,0,0,0,0,26
"266","III","StepData.ModeDailyMedianSteps",0,0,0,0,0,0,11
"268","II","StepData.MinimumDailyMedianSteps",0,0,0,0,0,0,26
"269","III","StepData.MinimumDailyMedianSteps",0,0,0,0,0,0,11
"271","II","StepData.StdDevDailyMedianSteps",0,0,0,0,0,0,26
"272","III","StepData.StdDevDailyMedianSteps",0,0,0,0,0,0,11
"274","II","StepData.StdErrDailyMedianSteps",0,0,0,0,0,0,26
"275","III","StepData.StdErrDailyMedianSteps",0,0,0,0,0,0,11
"277","II","StepData.MaximumDailyMeanSteps",7.5255608974359,2.9195337496862,0.572567675393947,7.61770833333333,5.209375,8.99774305555556,26
"278","III","StepData.MaximumDailyMeanSteps",5.02196969696969,2.98078804093439,0.898741410123446,4.06041666666667,3.42013888888888,5.20104166666667,11
"280","II","StepData.MeanDailyMeanSteps",3.79431994460981,1.54695845223107,0.303383512870905,3.48453884078884,2.80389311494883,4.87792038690476,26
"281","III","StepData.MeanDailyMeanSteps",2.66310924090529,1.60354531212855,0.48348710315125,2.45884259259259,1.50009259259259,3.54563492063492,11
"283","II","StepData.ModeDailyMeanSteps",2.26794871794872,2.56535255028718,0.503107027429206,1.16180555555556,0.0885416666666667,3.31927083333333,26
"284","III","StepData.ModeDailyMeanSteps",1.58813131313131,1.4874017777557,0.448468509938477,1.60208333333333,0.271527777777778,2.621875,11
"286","II","StepData.MinimumDailyMeanSteps",0.674305555555555,1.07086750557955,0.210014396439329,0.138888888888889,0,0.960069444444445,26
"287","III","StepData.MinimumDailyMeanSteps",0.881881313131314,1.09477484853988,0.330087036593176,0.342361111111111,0.0329861111111111,1.60208333333334,11
"289","II","StepData.StdDevDailyMeanSteps",1.9830354695713,0.904738477589877,0.177433813535731,1.78997569246891,1.36779058132343,2.38326694631041,26
"290","III","StepData.StdDevDailyMeanSteps",1.21161886917589,0.764363570189637,0.230464287794137,1.05060208224454,0.823341656567366,1.24788020769642,11
"292","II","StepData.StdErrDailyMeanSteps",0.495418783024405,0.217529260165472,0.0426609977831209,0.457501673401961,0.352891558996387,0.63138367738219,26
"293","III","StepData.StdErrDailyMeanSteps",0.306045285801209,0.203253214257427,0.061283149920509,0.252513273697153,0.216095356422591,0.296409553902154,11
"295","II","StepData.MaximumDailyStdDevSteps",20.1013994535367,4.56048120553127,0.894383948399119,20.8554576950024,16.3731592942511,24.3357549710612,26
"296","III","StepData.MaximumDailyStdDevSteps",14.9374427213633,4.85280120504039,1.46317461630032,13.4676856644989,11.6091691616842,15.6884183192344,11
"298","II","StepData.MeanDailyStdDevSteps",11.8693440605454,3.44060148857019,0.674757466489069,11.2027174488789,9.98623537113339,13.493300672035,26
"299","III","StepData.MeanDailyStdDevSteps",9.23153130179799,4.14238208918542,1.24897519346514,8.81449189111326,6.85248847307797,11.3824638440379,11
"301","II","StepData.ModeDailyStdDevSteps",7.77721697082343,6.86522326149937,1.34638105290601,6.88190848616945,1.28940870923933,11.555404279533,26
"302","III","StepData.ModeDailyStdDevSteps",6.86136095079386,5.31060882264414,1.60120880664197,8.07564849781955,2.10026799767965,10.9554807760317,11
"304","II","StepData.MinimumDailyStdDevSteps",3.0120663847228,3.63067646267291,0.712034235796585,1.9233378964651,0,5.03805998949714,26
"305","III","StepData.MinimumDailyStdDevSteps",3.66911216044987,3.70431694633479,1.1168935832316,2.86361468608157,0.735640462978118,6.21148211198617,11
"307","II","StepData.StdDevDailyStdDevSteps",4.86802684370501,1.87178048685971,0.367086354909994,4.76255726439014,3.33964355055921,5.62508872946258,26
"308","III","StepData.StdDevDailyStdDevSteps",3.22472963708103,1.37721496120897,0.41524593472673,3.05651314580804,2.3546099031792,4.41285776682029,11
"310","II","StepData.StdErrDailyStdDevSteps",1.20828204069656,0.431804820990699,0.0846838926267312,1.21182342538861,0.798917755279102,1.4310169409955,26
"311","III","StepData.StdErrDailyStdDevSteps",0.804661228114176,0.344296130519127,0.103809189245743,0.720427057395565,0.597968478904068,1.04463649151842,11
"313","II","StepData.MaximumDailyStdErrSteps",0.529718386917001,0.120179231965577,0.0235690864969643,0.549589566345774,0.431470632188238,0.641303452402654,26
"314","III","StepData.MaximumDailyStdErrSteps",0.393636178481765,0.127882540332811,0.038558036683766,0.354904679258456,0.305928469109249,0.413426123119095,11
"316","II","StepData.MeanDailyStdErrSteps",0.312784679695957,0.0906678102070632,0.0177814205192516,0.295217526014737,0.263160408527653,0.355579693975927,26
"317","III","StepData.MeanDailyStdErrSteps",0.243272210040174,0.109161352837606,0.0329133862699941,0.232282256608357,0.180578926791465,0.299954259430629,11
"319","II","StepData.ModeDailyStdErrSteps",0.204947662375978,0.180914517932564,0.0354802560473222,0.181354212209474,0.0339789029671174,0.30451164006151,26
"320","III","StepData.ModeDailyStdErrSteps",0.180812737108726,0.139946830347839,0.0421955569875731,0.212812023633559,0.0553469214119079,0.28870226762041,11
"322","II","StepData.MinimumDailyStdErrSteps",0.0793749186612753,0.0956767255767476,0.0187637496427884,0.0506844038578902,0,0.132764537961458,26
"323","III","StepData.MinimumDailyStdErrSteps",0.0966895951470231,0.0976173227131469,0.0294327302253224,0.075462872909382,0.0193858283499303,0.163686925993911,11
"325","II","StepData.StdDevDailyStdErrSteps",0.128283771141236,0.0493257468194629,0.00967357482903764,0.125504403687113,0.0880073349404898,0.148234103547037,26
"326","III","StepData.StdDevDailyStdErrSteps",0.0849790874285352,0.0362928008756732,0.0109426911905173,0.0805461936583313,0.0620494191269568,0.116289012779303,11
"328","II","StepData.StdErrDailyStdErrSteps",0.0318410275373115,0.0113790561580991,0.00223161651524675,0.031934351218126,0.0210533314152581,0.037710607531938,26
"329","III","StepData.StdErrDailyStdErrSteps",0.0212046852139092,0.00907299968352542,0.00273561233393337,0.0189849199115236,0.01575785301936,0.0275285886677114,11
"331","II","StepData.MaximumDailyQ1Steps",0,0,0,0,0,0,26
"332","III","StepData.MaximumDailyQ1Steps",0,0,0,0,0,0,11
"334","II","StepData.MeanDailyQ1Steps",0,0,0,0,0,0,26
"335","III","StepData.MeanDailyQ1Steps",0,0,0,0,0,0,11
"337","II","StepData.ModeDailyQ1Steps",0,0,0,0,0,0,26
"338","III","StepData.ModeDailyQ1Steps",0,0,0,0,0,0,11
"340","II","StepData.MinimumDailyQ1Steps",0,0,0,0,0,0,26
"341","III","StepData.MinimumDailyQ1Steps",0,0,0,0,0,0,11
"343","II","StepData.StdDevDailyQ1Steps",0,0,0,0,0,0,26
"344","III","StepData.StdDevDailyQ1Steps",0,0,0,0,0,0,11
"346","II","StepData.StdErrDailyQ1Steps",0,0,0,0,0,0,26
"347","III","StepData.StdErrDailyQ1Steps",0,0,0,0,0,0,11
"349","II","StepData.MaximumDailyMinimumSteps",0,0,0,0,0,0,26
"350","III","StepData.MaximumDailyMinimumSteps",0,0,0,0,0,0,11
"352","II","StepData.MeanDailyMinimumSteps",0,0,0,0,0,0,26
"353","III","StepData.MeanDailyMinimumSteps",0,0,0,0,0,0,11
"355","II","StepData.ModeDailyMinimumSteps",0,0,0,0,0,0,26
"356","III","StepData.ModeDailyMinimumSteps",0,0,0,0,0,0,11
"358","II","StepData.MinimumDailyMinimumSteps",0,0,0,0,0,0,26
"359","III","StepData.MinimumDailyMinimumSteps",0,0,0,0,0,0,11
"361","II","StepData.StdDevDailyMinimumSteps",0,0,0,0,0,0,26
"362","III","StepData.StdDevDailyMinimumSteps",0,0,0,0,0,0,11
"364","II","StepData.StdErrDailyMinimumSteps",0,0,0,0,0,0,26
"365","III","StepData.StdErrDailyMinimumSteps",0,0,0,0,0,0,11
"367","II","StepData.MaximumDailyModeSteps",0,0,0,0,0,0,26
"368","III","StepData.MaximumDailyModeSteps",0,0,0,0,0,0,11
"370","II","StepData.MeanDailyModeSteps",0,0,0,0,0,0,26
"371","III","StepData.MeanDailyModeSteps",0,0,0,0,0,0,11
"373","II","StepData.ModeDailyModeSteps",0,0,0,0,0,0,26
"374","III","StepData.ModeDailyModeSteps",0,0,0,0,0,0,11
"376","II","StepData.MinimumDailyModeSteps",0,0,0,0,0,0,26
"377","III","StepData.MinimumDailyModeSteps",0,0,0,0,0,0,11
"379","II","StepData.StdDevDailyModeSteps",0,0,0,0,0,0,26
"380","III","StepData.StdDevDailyModeSteps",0,0,0,0,0,0,11
"382","II","StepData.StdErrDailyModeSteps",0,0,0,0,0,0,26
"383","III","StepData.StdErrDailyModeSteps",0,0,0,0,0,0,11
"385","II","StepData.MaximumDailyIQR",3.01923076923077,6.28725817702879,1.23303277429483,0,0,4,26
"386","III","StepData.MaximumDailyIQR",1.09090909090909,2.58667916273145,0.779913112346444,0,0,0,11
"388","II","StepData.MeanDailyIQR",0.49945054945055,1.00386132234935,0.196873402753861,0,0,0.389285714285714,26
"389","III","StepData.MeanDailyIQR",0.0779220779220779,0.184762797337961,0.0557080794533174,0,0,0,11
"391","II","StepData.ModeDailyIQR",0,0,0,0,0,0,26
"392","III","StepData.ModeDailyIQR",0,0,0,0,0,0,11
"394","II","StepData.MinimumDailyIQR",0,0,0,0,0,0,26
"395","III","StepData.MinimumDailyIQR",0,0,0,0,0,0,11
"397","II","StepData.StdDevDailyIQR",0.910356018454968,1.67078083238225,0.327667079509765,0,0,1.20491379528591,26
"398","III","StepData.StdDevDailyIQR",0.291557718449918,0.6913190854606,0.208440546989495,0,0,0,11
"400","II","StepData.StdErrDailyIQR",0.226600653741555,0.400986671109894,0.0786399561799985,0,0,0.313558357568487,26
"401","III","StepData.StdErrDailyIQR",0.077922077922078,0.184762797337961,0.0557080794533175,0,0,0,11
"403","II","StepData.MaximumDailySkewness",13.2238410907748,9.74828910880254,2.43707227720063,9.87809094417715,6.20778953335777,17.3693382302487,16
"404","III","StepData.MaximumDailySkewness",12.392480363287,8.42833426103624,2.80944475367875,10.3740096270431,6.25844759933175,12.5858318697137,9
"406","II","StepData.MeanDailySkewness",5.29573508804474,1.30121393489696,0.325303483724239,4.9733899428251,4.37259718060273,6.31084721468454,16
"407","III","StepData.MeanDailySkewness",5.76576010457311,1.83197483516098,0.610658278386995,5.27596865688529,4.48385422370712,6.56062028740832,9
"409","II","StepData.ModeDailySkewness",8.63057933624298,8.60824426110805,1.87847290129509,4.99796132253106,3.61270449230845,10.073180147946,21
"410","III","StepData.ModeDailySkewness",9.21798654177192,7.88512144158614,2.62837381386205,6.73307886629401,4.85889240045366,10.1597249853978,9
"412","II","StepData.MinimumDailySkewness",3.20623360487552,0.597014451917003,0.149253612979251,3.21961845368513,2.80431391685036,3.46804141526678,16
"413","III","StepData.MinimumDailySkewness",3.7045328403894,1.12604627575394,0.375348758584648,3.7609301278781,2.91662560187653,4.17925657307656,9
"415","II","StepData.StdDevDailySkewness",2.53506172806951,2.27689062238664,0.569222655596659,1.6214325029302,0.923288573470163,3.80947203702544,16
"416","III","StepData.StdDevDailySkewness",2.178260587511,1.91945982191459,0.639819940638197,1.7679336167051,0.881524481923413,2.07352595900799,9
"418","II","StepData.StdErrDailySkewness",0.645684272745449,0.570771140254031,0.142692785063508,0.433346064410295,0.238392084586237,0.974781235000692,16
"419","III","StepData.StdErrDailySkewness",0.546772920757758,0.466982142985413,0.155660714328471,0.441983404176275,0.235597327815058,0.518381489751997,9
"421","II","StepData.MaximumDailyKurtosis",283.849222511695,386.882425904598,96.7206064761495,119.893721525357,43.7099988911888,362.89802732174,16
"422","III","StepData.MaximumDailyKurtosis",237.059299527323,295.107738094122,98.369246031374,143.812435206991,43.5278547491297,187.252759552402,9
"424","II","StepData.MeanDailyKurtosis",44.8175949862742,31.1932623677389,7.79831559193471,37.0519081064236,22.6798708352609,51.1708605739999,16
"425","III","StepData.MeanDailyKurtosis",49.5316341980573,32.7799788091263,10.9266596030421,34.4321096507667,24.2305357224024,74.2141075406931,9
"427","II","StepData.ModeDailyKurtosis",149.984498703403,330.957309557891,72.2208058499031,31.4408613098358,15.5909766944548,112.517300490707,21
"428","III","StepData.ModeDailyKurtosis",149.232496623086,280.170165517441,93.3900551724805,45.83156043816,26.0630530788479,123.897112913819,9
"430","II","StepData.MinimumDailyKurtosis",10.7403300112215,5.02935584027467,1.25733896006867,9.94878997597459,7.06441471419073,13.0387852103853,16
"431","III","StepData.MinimumDailyKurtosis",15.6387785954545,9.22700996339042,3.07566998779681,15.9007894781635,8.24518436553457,19.31540743951,9
"433","II","StepData.StdDevDailyKurtosis",68.4626540259651,95.0987917869188,23.7746979467297,28.937147492374,10.7894300896216,89.1085295099833,16
"434","III","StepData.StdDevDailyKurtosis",54.4440241217997,71.0518724708811,23.6839574902937,34.3337516466809,9.82759114857356,40.9707276565047,9
"436","II","StepData.StdErrDailyKurtosis",17.3321785156788,24.0758053244212,6.01895133110531,7.73377797621487,2.7858188701449,22.7696463898563,16
"437","III","StepData.StdErrDailyKurtosis",13.5520217094464,17.5013286478622,5.83377621595408,8.58343791167022,2.62653421537532,10.9498875555332,9
"439","II","StepData.TotalActiveMinutes_Pure",2985.07692307692,944.257715799111,185.184173796931,2870,2388.25,3623.75,26
"440","III","StepData.TotalActiveMinutes_Pure",2308.72727272727,955.053201754655,287.959375004344,2669,1680,3062,11
"442","II","StepData.MeanActiveMinutes_Pure",191.926396054289,70.3067451420921,13.7882871314124,184.224242424243,150.096875,238.125,26
"443","III","StepData.MeanActiveMinutes_Pure",149.856997607655,70.6213868727047,21.2931493119356,177.933333333333,95.83125,206.236607142857,11
"445","II","StepData.StdDevActiveMinutes_Pure",81.233169268175,34.5233240279213,6.77058088047912,72.3398173297348,58.8552815888135,99.9211054304538,26
"446","III","StepData.StdDevActiveMinutes_Pure",56.4961836670423,24.3152123195544,7.33131236016264,63.6478981982512,38.2282333289001,79.2418518005451,11
"448","II","StepData.ModeActiveMinutes_Pure",149.192307692308,127.631976943325,25.0306900381708,153.5,20,237.75,26
"449","III","StepData.ModeActiveMinutes_Pure",115.909090909091,107.632202008,32.4523299472975,82,15.5,216,11
"451","II","StepData.MaxActiveMinutes_Pure",313.730769230769,93.7731550892078,18.390428755809,313,246.75,368.5,26
"452","III","StepData.MaxActiveMinutes_Pure",246.272727272727,93.887263150111,28.3080749511163,248,180,304,11
"454","II","StepData.TotalActiveMinutes_PosMET",753.153846153846,501.028437700512,98.2597607961468,678.5,430.75,900.25,26
"455","III","StepData.TotalActiveMinutes_PosMET",448.545454545455,339.019280760361,102.218159179843,315,203,720,11
"457","II","StepData.MeanActiveMinutes_PosMET",48.1216058719462,34.2608938683476,6.71911409183984,38.8261904761905,28.5607142857142,56.8785714285714,26
"458","III","StepData.MeanActiveMinutes_PosMET",28.9674109516215,22.2384361523085,6.70514078558929,21.3571428571429,13.2166666666667,45.5277777777778,11
"460","II","StepData.StdDevActiveMinutes_PosMET",30.0894300030477,17.2338366133975,3.37983343022245,27.0715543495388,16.957408249111,37.5775395196545,26
"461","III","StepData.StdDevActiveMinutes_PosMET",17.3064827151522,13.6358260765337,4.1113562547642,11.4059560464405,10.0863507317462,20.7616764119962,11
"463","II","StepData.ModeActiveMinutes_PosMET",34.1923076923077,45.7261581423756,8.9676374096001,13.5,4.5,50.75,26
"464","III","StepData.ModeActiveMinutes_PosMET",25.7272727272727,20.4992239320951,6.18074857056667,28,6.5,46,11
"466","II","StepData.MaxActiveMinutes_PosMET",109.5,62.2184859989376,12.2020490082609,99.5,61.25,139.25,26
"467","III","StepData.MaxActiveMinutes_PosMET",64.9090909090909,50.7157856006481,15.291384707769,43,35,79.5,11
"469","II","StepData.TotalMETClass.BelowMin",22729.9230769231,5142.95975425106,1008.61739017494,20894.5,19681.5,22755.5,26
"470","III","StepData.TotalMETClass.BelowMin",22591.4545454545,3184.95809591386,960.300997922823,22167,19951,23867.5,11
"472","II","StepData.MeanMETClass.BelowMin",1391.87839412805,34.2608938683477,6.71911409183985,1401.17380952381,1383.12142857143,1411.43928571429,26
"473","III","StepData.MeanMETClass.BelowMin",1411.03258904838,22.2384361523095,6.70514078558957,1418.64285714286,1394.47222222222,1426.78333333334,11
"475","II","StepData.StdDevMETClass.BelowMin",30.0894300030477,17.2338366133975,3.37983343022245,27.0715543495388,16.957408249111,37.5775395196545,26
"476","III","StepData.StdDevMETClass.BelowMin",17.3064827151522,13.6358260765337,4.1113562547642,11.4059560464405,10.0863507317462,20.7616764119962,11
"478","II","StepData.ModeMETClass.BelowMin",1405.80769230769,45.7261581423756,8.9676374096001,1426.5,1389.25,1435.5,26
"479","III","StepData.ModeMETClass.BelowMin",1414.27272727273,20.4992239320951,6.18074857056667,1412,1394,1433.5,11
"481","II","StepData.MaxMETClass.BelowMin",1434.65384615385,11.5410304832534,2.26338229388763,1439.5,1436.25,1440,26
"482","III","StepData.MaxMETClass.BelowMin",1435,7.77174369109018,2.34326889001435,1439,1433,1440,11
"484","II","StepData.OverallMETClass.BelowMin.PercentageAll",0.966582218144482,0.0237922874085746,0.00466605145266654,0.973037367724868,0.960500992063492,0.980166170634921,26
"485","III","StepData.OverallMETClass.BelowMin.PercentageAll",0.979883742394707,0.0154433584391031,0.00465634776777032,0.985168650793651,0.968383487654321,0.990821759259259,11
"487","II","StepData.TotalMETClassNegligible",323.730769230769,326.006694126646,63.935172881294,216.5,154,328.25,26
"488","III","StepData.TotalMETClassNegligible",202.727272727273,179.630226247751,54.1605510427673,163,87.5,257,11
"490","II","StepData.MeanMETClassNegligible",20.6077625490058,21.7498115996127,4.26548899089969,13.3376623376624,9.99553571428573,21.4047619047619,26
"491","III","StepData.MeanMETClassNegligible",12.7668479911901,10.4204897564762,3.14189587763394,11.6428571428571,4.88125,17.8169642857143,11
"493","II","StepData.StdDevMETClassNegligible",11.7935566251178,10.0480426348884,1.970583287258,8.08947166974143,6.00995499783463,13.5702667527778,26
"494","III","StepData.StdDevMETClassNegligible",7.10829929518582,4.91984261268846,1.48338836126267,6.49777289781499,3.80386044312161,9.05127513067499,11
"496","II","StepData.ModeMETClassNegligible",16.3846153846154,22.7069626732893,4.45320176021251,8.5,2.5,18.75,26
"497","III","StepData.ModeMETClassNegligible",12.3636363636364,12.4520900034711,3.75444639974991,8,2,21,11
"499","II","StepData.MaxMETClassNegligible",42.5769230769231,35.8130401691039,7.02351502551319,32,23,46.75,26
"500","III","StepData.MaxMETClassNegligible",27.0909090909091,18.1573926842735,5.47465988226175,22,15,40.5,11
"502","II","StepData.OverallMETClassNegligible.Percentage",0.452922669970824,0.119636135455456,0.0234625765083923,0.432596773207981,0.394668907768665,0.521266021695961,26
"503","III","StepData.OverallMETClassNegligible.Percentage",0.542623261240544,0.170259562397497,0.0513351895856909,0.56711983392678,0.472844357438194,0.65550770351495,11
"505","II","StepData.OverallMETClassNegligible.PercentageAll",0.0143109462145873,0.0151040358330643,0.00296214513256922,0.00926226551226552,0.00694134424603175,0.014864417989418,26
"506","III","StepData.OverallMETClassNegligible.PercentageAll",0.00886586666054867,0.00723645121977512,0.00218187213724579,0.00808531746031746,0.00338975694444445,0.0123728918650793,11
"508","II","StepData.TotalMETClassSedentary",115.115384615385,70.7142570762513,13.8682067969624,109,60.75,131.75,26
"509","III","StepData.TotalMETClassSedentary",61.6363636363636,39.0621881805736,11.7776928804744,62,32.5,80,11
"511","II","StepData.MeanMETClassSedentary",7.33121842364129,4.63580581640823,0.909156319965096,6.54017857142857,4.02455357142857,9.03214285714286,26
"512","III","StepData.MeanMETClassSedentary",3.96484772537404,2.49887748045823,0.753439909068056,4.375,1.90625,5.50396825396825,11
"514","II","StepData.StdDevMETClassSedentary",5.62866154423726,3.63475770588225,0.71283463344136,4.5800448960024,3.62745766647829,7.36308901575503,26
"515","III","StepData.StdDevMETClassSedentary",3.08214025189871,1.2963010865247,0.390849483575678,3.3935944832115,1.76536192529756,3.84530230955604,11
"517","II","StepData.ModeMETClassSedentary",4.76923076923077,5.62357674301822,1.10287413649371,3,1,7.5,26
"518","III","StepData.ModeMETClassSedentary",2.45454545454545,2.69679944985297,0.813115628181742,2,0.5,2.5,11
"520","II","StepData.MaxMETClassSedentary",20.3461538461538,14.3469642996484,2.81367118941254,16.5,13,24.75,26
"521","III","StepData.MaxMETClassSedentary",11,4.83735464897913,1.45851730441319,12,7,14,11
"523","II","StepData.OverallMETClassSedentary.Percentage",0.169686905997108,0.0663085938701845,0.0130041851562681,0.163114033612097,0.13059698584814,0.182508213345074,26
"524","III","StepData.OverallMETClassSedentary.Percentage",0.152319316635668,0.0543592834129321,0.0163899406321169,0.152039720880301,0.125702943273853,0.176483294222023,11
"526","II","StepData.OverallMETClassSedentary.PercentageAll",0.00509112390530646,0.00321930959472794,0.000631358555531317,0.00454179067460317,0.00279482886904762,0.00627232142857143,26
"527","III","StepData.OverallMETClassSedentary.PercentageAll",0.0027533664759542,0.00173533158365155,0.00052322215907504,0.00303819444444444,0.00132378472222222,0.00382220017636685,11
"529","II","StepData.TotalMETClassVeryLight",58.8076923076923,42.3395977597986,8.30347827595701,46.5,25.25,81.75,26
"530","III","StepData.TotalMETClassVeryLight",35.1818181818182,28.3471980337323,8.54700179416276,24,15.5,60,11
"532","II","StepData.MeanMETClassVeryLight",3.71746090041235,2.65223985676563,0.520147030168327,2.76190476190476,1.6266447368421,5.55,26
"533","III","StepData.MeanMETClassVeryLight",2.30019461532619,1.89904156970774,0.572582577091647,1.6,1.01339285714286,3.8015873015873,11
"535","II","StepData.StdDevMETClassVeryLight",3.57340958297418,2.55950698998749,0.501960618735513,2.81184450945047,1.7789960828168,4.90299950094962,26
"536","III","StepData.StdDevMETClassVeryLight",2.22930119312087,1.72540508850393,0.520229208176136,1.66207701385947,1.29658249603162,2.91359278844368,11
"538","II","StepData.ModeMETClassVeryLight",1.61538461538462,2.72876416096259,0.535154680951572,0,0,2,26
"539","III","StepData.ModeMETClassVeryLight",0.636363636363636,1.12006493318265,0.337712284018304,0,0,1,11
"541","II","StepData.MaxMETClassVeryLight",12.5,9.66333275842243,1.89513547313601,9.5,6.25,16.5,26
"542","III","StepData.MaxMETClassVeryLight",6.81818181818182,4.97630750292186,1.50041316623838,5,4,10,11
"544","II","StepData.OverallMETClassVeryLight.Percentage",0.0744319166988966,0.0253338423744533,0.00496837525467775,0.0671687432422189,0.0587808284959169,0.0896559269615395,26
"545","III","StepData.OverallMETClassVeryLight.Percentage",0.067124410114483,0.0210075261830003,0.00633400746568901,0.0726259945668293,0.0595078353405154,0.0761946262454903,11
"547","II","StepData.OverallMETClassVeryLight.PercentageAll",0.0025815700697308,0.00184183323386502,0.000361213215394671,0.00191798941798941,0.00112961440058479,0.00385416666666667,26
"548","III","StepData.OverallMETClassVeryLight.PercentageAll",0.0015973573717543,0.0013187788678526,0.000397626789646977,0.00111111111111111,0.00070374503968254,0.00263999118165785,11
"550","II","StepData.TotalMETClassLight",115.346153846154,78.1869259186943,15.3337177295098,102.5,51,162,26
"551","III","StepData.TotalMETClassLight",91.7272727272727,146.193769298894,44.0790799502009,55,17,76,11
"553","II","StepData.MeanMETClassLight",7.3763056098469,5.40274936930207,1.05956632542778,5.02380952380953,3.20729166666667,10.7023809523809,26
"554","III","StepData.MeanMETClassLight",6.22666135034556,10.4752265986658,3.15839965652047,3.55555555555556,1.13839285714285,5.10714285714285,11
"556","II","StepData.StdDevMETClassLight",6.51908429956615,3.7706903013513,0.739493208704052,5.62965489111992,3.39418425899099,9.53931550737042,26
"557","III","StepData.StdDevMETClassLight",5.88119170621255,9.45684858479978,2.8513471322713,2.99454842362549,2.06847079345753,4.62992337649158,11
"559","II","StepData.ModeMETClassLight",4.34615384615385,5.41806096453193,1.06256917630706,2,0,6,26
"560","III","StepData.ModeMETClassLight",3.72727272727273,9.15522702166264,2.76040480921618,0,0,2.5,11
"562","II","StepData.MaxMETClassLight",23.7692307692308,13.946491149555,2.73513194298961,20,12,29.75,26
"563","III","StepData.MaxMETClassLight",18.5454545454545,27.0457524811703,8.15460119571503,9,7,15.5,11
"565","II","StepData.OverallMETClassLight.Percentage",0.147702874019969,0.070789701869637,0.0138830027382575,0.132617726019927,0.0884045349872536,0.192201531848224,26
"566","III","StepData.OverallMETClassLight.Percentage",0.133278783556318,0.120508566271852,0.0363346998497647,0.120302466520107,0.0553060619802213,0.152163771445167,11
"568","II","StepData.OverallMETClassLight.PercentageAll",0.00512243445128257,0.00375190928423754,0.000735809948213737,0.00348875661375661,0.00222728587962963,0.00743220899470899,26
"569","III","StepData.OverallMETClassLight.PercentageAll",0.00432407038218442,0.00727446291574012,0.00219333309480588,0.00246913580246914,0.000790550595238095,0.00354662698412698,11
"571","II","StepData.TotalMETClassLowModerate",137.807692307692,116.160585133089,22.7809650116913,98,69,142.5,26
"572","III","StepData.TotalMETClassLowModerate",56.0909090909091,63.5239396534166,19.1531884577783,25,12,85,11
"574","II","StepData.MeanMETClassLowModerate",8.93426035549447,7.78794365677694,1.52734141064103,6.75,3.83928571428571,9.353125,26
"575","III","StepData.MeanMETClassLowModerate",3.63499563302195,4.12904351488392,1.24495346199275,1.78571428571429,0.715789473684211,6.07142857142857,11
"577","II","StepData.StdDevMETClassLowModerate",9.28218563841698,6.57564931949431,1.28959093056325,6.47804629389096,5.38283589517044,12.3667383551158,26
"578","III","StepData.StdDevMETClassLowModerate",4.1565058196963,3.06352772887669,0.923688364684872,2.57755520788076,2.0840864991041,6.21988964992672,11
"580","II","StepData.ModeMETClassLowModerate",2.61538461538462,5.81086515470406,1.13960441594971,0,0,2,26
"581","III","StepData.ModeMETClassLowModerate",1.72727272727273,4.14947970451499,1.25111520500646,0,0,0,11
"583","II","StepData.MaxMETClassLowModerate",30.5384615384615,20.0344318995688,3.92907535383259,24,15.25,46.25,26
"584","III","StepData.MaxMETClassLowModerate",13.9090909090909,9.36434242704255,2.8234554762642,9,8,22,11
"586","II","StepData.OverallMETClassLowModerate.Percentage",0.152260294561329,0.0935027475173471,0.0183373974679036,0.142018582926361,0.0798958586327049,0.184705450914955,26
"587","III","StepData.OverallMETClassLowModerate.Percentage",0.103296735921494,0.0886074394611346,0.0267161482115195,0.0634920634920635,0.0486167422924505,0.149411736629584,11
"589","II","StepData.OverallMETClassLowModerate.PercentageAll",0.00620434746909339,0.0054082942060951,0.00106065375738961,0.0046875,0.00266617063492063,0.00649522569444444,26
"590","III","StepData.OverallMETClassLowModerate.PercentageAll",0.00252430252293191,0.0028673913297805,0.00086455101527274,0.00124007936507937,0.000497076023391813,0.00421626984126984,11
"592","II","StepData.TotalMETClassModerate",2.19230769230769,4.93979133785411,0.968772785569027,0,0,1.75,26
"593","III","StepData.TotalMETClassModerate",1.18181818181818,3.91964747951093,1.18181818181818,0,0,0,11
"595","II","StepData.MeanMETClassModerate",0.144341623288992,0.327848480195203,0.0642963768468106,0,0,0.0968045112781956,26
"596","III","StepData.MeanMETClassModerate",0.0738636363636364,0.244977967469433,0.0738636363636364,0,0,0,11
"598","II","StepData.StdDevMETClassModerate",0.298817694894084,0.586895430334383,0.115099663527441,0,0,0.303291636209836,26
"599","III","StepData.StdDevMETClassModerate",0.125172057892866,0.415148750267282,0.125172057892866,0,0,0,11
"601","II","StepData.ModeMETClassModerate",0,0,0,0,0,0,26
"602","III","StepData.ModeMETClassModerate",0,0,0,0,0,0,11
"604","II","StepData.MaxMETClassModerate",1,1.97989898732233,0.38829013735766,0,0,1,26
"605","III","StepData.MaxMETClassModerate",0.363636363636364,1.20604537831105,0.363636363636364,0,0,0,11
"607","II","StepData.OverallMETClassModerate.Percentage",0.0027754995939812,0.00616317412950807,0.00120869789046276,0,0,0.00186137285920627,26
"608","III","StepData.OverallMETClassModerate.Percentage",0.00135749253149316,0.00450229338267253,0.00135749253149316,0,0,0,11
"610","II","StepData.OverallMETClassModerate.PercentageAll",0.000100237238395133,0.000227672555691113,4.4650261699174e-05,0,0,6.72253550543025e-05,26
"611","III","StepData.OverallMETClassModerate.PercentageAll",5.12941919191919e-05,0.000170123588520439,5.12941919191919e-05,0,0,0,11
"613","II","StepData.TotalMETClassVigorous",0.153846153846154,0.784464540552736,0.153846153846154,0,0,0,26
"614","III","StepData.TotalMETClassVigorous",0,0,0,0,0,0,11
"616","II","StepData.MeanMETClassVigorous",0.0102564102564103,0.0522976360368491,0.0102564102564103,0,0,0,26
"617","III","StepData.MeanMETClassVigorous",0,0,0,0,0,0,11
"619","II","StepData.StdDevMETClassVigorous",0.0228314169117178,0.116417840355822,0.0228314169117178,0,0,0,26
"620","III","StepData.StdDevMETClassVigorous",0,0,0,0,0,0,11
"622","II","StepData.ModeMETClassVigorous",0,0,0,0,0,0,26
"623","III","StepData.ModeMETClassVigorous",0,0,0,0,0,0,11
"625","II","StepData.MaxMETClassVigorous",0.0769230769230769,0.392232270276368,0.0769230769230769,0,0,0,26
"626","III","StepData.MaxMETClassVigorous",0,0,0,0,0,0,11
"628","II","StepData.OverallMETClassVigorous.Percentage",0.000219839157892255,0.00112096415594442,0.000219839157892255,0,0,0,26
"629","III","StepData.OverallMETClassVigorous.Percentage",0,0,0,0,0,0,11
"631","II","StepData.OverallMETClassVigorous.PercentageAll",7.12250712250712e-06,3.63178028033674e-05,7.12250712250712e-06,0,0,0,26
"632","III","StepData.OverallMETClassVigorous.PercentageAll",0,0,0,0,0,0,11
"634","II","BMI",28.9999204566131,6.07549644422914,1.191502881688,27.5562263837178,24.9891844351735,31.7113082662926,26
"635","III","BMI",30.8779638357717,6.66056478059197,2.00823584264358,29.6296296296296,27.0339452473213,32.76433018151,11
