"","variable","mean","sd","sem","median","q1","q3","n","NYHAClass.r","PureNYHAClass.r","ExplicitNYHAClass.r","NYHAClass.r2","PureNYHAClass.r2","ExplicitNYHAClass.r2","NYHAClass.p","PureNYHAClass.p","ExplicitNYHAClass.p"
"1","Age",54.7,13.7488403963715,1.94437965554517,55.5,47.25,65,50,0.0689413367349564,0.0976600024730965,0.122098997521177,0.00475290791080265,0.00953747608304521,0.0149081651956764,0.634269894613571,0.565270347468022,0.398278277981514
"2","AT",9.43478260869565,2.42699790699945,0.35784131899184,9,7.65,10.8,46,-0.285129010462641,-0.287119840917103,-0.361047787150174,0.0812985526074047,0.0824378030482625,0.130355504606037,0.0547696421283232,0.0895302934186635,0.0136961496906873
"3","BMI",28.9326854322342,6.43638416827643,0.910242178341999,28.2485875706215,24.9134948096886,32.2490385193198,50,0.132259310372684,0.139863805258875,0.191547966487962,0.0174925251802579,0.0195618840214925,0.0366906234656733,0.359881290229826,0.409015289452868,0.182673585928764
"4","CPSDate",NA,NA,NA,NA,NA,NA,0,NA,NA,NA,NA,NA,NA,NA,NA,NA
"5","DBP",72.64,9.53352837439036,1.34824451243316,70,66,80,50,-0.123008545593897,-0.192438812758037,-0.12746858158536,0.015131102289126,0.0370326966557228,0.0162482392913837,0.394746766565778,0.253833312518722,0.377696951478834
"6","DBP.Resting",67.98,8.97499928940933,1.26925657173716,70,60,73.5,50,-0.165539938095708,-0.227428084149993,-0.157152532182855,0.0274034711047309,0.0517235334601361,0.0246969183714832,0.250603198674206,0.175823491652797,0.275748609266369
"7","DeviceID",NA,NA,NA,NA,NA,NA,0,NA,NA,NA,NA,NA,NA,NA,NA,NA
"8","Duration",9.49306666666667,3.19172113876893,0.451377532175992,9.25,7.00416666666667,11.8625,50,-0.286790989341398,-0.368604883443339,-0.306646507193981,0.082249071567418,0.135869560098278,0.0940320803742679,0.0434599243901679,0.0247755663091462,0.0303147038992484
"9","EjectionFraction",28,9.89949493661167,4.94974746830583,27.5,19.75,35.75,4,NA,NA,NA,NA,NA,NA,NA,NA,NA
"10","Exercises",NA,NA,NA,NA,NA,NA,0,NA,NA,NA,NA,NA,NA,NA,NA,NA
"11","FEV.Resting",2.66645833333333,0.802197751349069,0.115787271921174,2.66,2.2225,3.1225,48,0.111156689425309,0.0339446360502103,-0.0128578108650073,0.0123558096039947,0.00115223831658123,0.0001653233002403,0.451959927146421,0.844190270531101,0.930880656685438
"12","FEV.Resting.Percentage",74.4375,20.6674852560371,2.98309454401141,76.5,64,88,48,0.121838653556518,0.0921889709335517,0.000125710145815887,0.0148446575004653,0.00849880636178724,1.58030407610517e-08,0.409398856616952,0.592820114670533,0.999323404434795
"13","FVC.Resting",3.43104166666667,0.972868624187808,0.140421490515243,3.385,2.87,4.095,48,0.114125508680372,0.038479361767818,0.00729065279854508,0.0130246317315537,0.00148066128205862,5.31536182289333e-05,0.439894677028603,0.823682978222584,0.960775625920309
"14","FVC.Resting.Percentage",75.1041666666667,15.900273760969,2.29500683402105,76,65,85.25,48,0.0726672817656856,0.0167778372771198,-0.0338239022307462,0.00528053383921354,0.000281495823697509,0.00114405636211508,0.623544878397135,0.922630294902598,0.819469774179877
"15","Handedness",0.92,0.27404751561787,0.0387561713321444,1,1,1,50,0.193046835626337,0.19321055028668,0.171897003663816,0.0372670807453418,0.0373303167420817,0.0295485798685979,0.179208661757272,0.251897665386082,0.232610327041518
"16","Height",174,8.72481799120141,1.23387559323938,175,170,180,50,0.12127245692607,0.0727277569928983,0.139558287627763,0.0147070088088855,0.00528932663721807,0.0194765156455934,0.401503420919295,0.668819189051427,0.333740229824648
"17","HFDiagnosisYear",16345.3777777778,18653.544070143,2780.70617080853,2011,2000,39356,45,-0.0452782666781895,0.0614488293951973,-0.114048057292128,0.00205012143338124,0.00377595863404006,0.0130069593721085,0.76773404553959,0.734077228458384,0.455686855642021
"18","HFTreatmentsToDate",NA,NA,NA,NA,NA,NA,0,NA,NA,NA,NA,NA,NA,NA,NA,NA
"19","HR",105.673469387755,19.5878233382184,2.79826047688834,110,93,120,49,-0.342840998933375,-0.335577181090619,-0.320980566262959,0.117539950549635,0.112612044468726,0.10302852391849,0.0158861771185232,0.0423078492113922,0.0245296854893711
"20","HR.1min",88.375,14.6034461103492,2.10782588572657,88,77.5,100,48,-0.275657609780382,-0.245203819820745,-0.271492069408279,0.0759871178298335,0.0601249132546843,0.0737079437515897,0.0579080141531425,0.149468239281574,0.0619575354570103
"21","HR.1minDrop",19.1276595744681,13.2691486265282,1.93550425159284,18,10,24,47,-0.343023635647627,-0.347264518426951,-0.248278558167684,0.117665214612916,0.120592645758302,0.0616422424458241,0.018253242704104,0.0379747378312989,0.0924253607688821
"22","HR.Resting",66.96,11.9180192848254,1.68546245092241,66,60,77.5,50,0.0392111059614645,0.088116629535535,0.0815321056646867,0.0015375108307212,0.00776454040070272,0.00664748425411764,0.786886748715572,0.604035117668917,0.573519520241144
"23","ID",27,15.2235049197225,2.15292871243251,27.5,14.25,39.75,50,-0.0347515279695872,-0.0538944182034534,0.0380246757105369,0.001207668696221,0.00290460831348873,0.0014458759628915,0.810650057144241,0.751391232483555,0.793190981159428
"24","NYHAClassMixed",NA,NA,NA,NA,NA,NA,0,NA,NA,NA,NA,NA,NA,NA,NA,NA
"25","O2Sat",98.2708333333333,1.37978696063472,0.199155093286697,98.5,98,99,48,-0.00205748686411327,0.0200930326713687,-0.0734362577071744,4.23325219599866e-06,0.000403729961932692,0.00539288394603453,0.988926562566265,0.907402835861024,0.619865735483992
"26","O2Sat.Resting",98.4791666666667,1.18482574952505,0.171014866357771,99,98,99,48,-0.12219819745127,-0.14592982104928,-0.186389914153322,0.0149323994603395,0.021295512671475,0.0347412000980826,0.408007657344082,0.395748947446931,0.204634548304273
"27","OUES",1.2194,0.212556580702645,0.0950581927032068,1.147,1.045,1.373,5,-0.0446650846190647,-0.0446650846190647,-0.0446650846190647,0.00199496978402821,0.00199496978402821,0.00199496978402821,0.943149562429613,0.943149562429613,0.943149562429613
"28","PETCO2.Peak",31.6666666666667,2.06559111797729,0.843274042711568,31.5,30.25,33.5,6,-0.625000000000006,-0.625000000000006,-0.625000000000001,0.390625000000008,0.390625000000008,0.390625000000002,0.184570312499994,0.184570312499994,0.184570312499999
"29","RegularPhysicalActivities",NA,NA,NA,NA,NA,NA,0,NA,NA,NA,NA,NA,NA,NA,NA,NA
"30","RER.Peak",1.088,0.101641526946421,0.014520218135203,1.1,1.03,1.14,49,-0.478905746052393,-0.542360892371225,-0.480922963506565,0.229350713602,0.294155337573712,0.231286896827937,0.00049942979182771,0.000524992681198988,0.000469056594434081
"31","RPEper20.Peak",16.5555555555556,0.881917103688197,0.293972367896066,17,16,17,9,-0.0357142857142869,-0.166666666666664,-0.359066249358763,0.00127551020408172,0.027777777777777,0.128928571428569,0.927320744968132,0.720971202073234,0.342618418492278
"32","SBP",129.88,20.5194183789952,2.90188397635827,130,120,143,50,-0.266847943199428,-0.392303587024174,-0.274286623457408,0.0712078247897652,0.153902104392033,0.0752331518076659,0.061026722009403,0.0163260308463289,0.05390599002626
"33","SBP.Resting",108.42,14.8696238784212,2.10288237562501,108,95.5,115,50,-0.22325557020803,-0.302425749415279,-0.167988031189488,0.0498430496289125,0.0914613339093929,0.0282199786229204,0.119121929220853,0.0688638639638395,0.243565960308443
"34","Sex",0.14,0.350509832753866,0.0495695759225642,0,0,0,50,-0.138356570994027,-0.0360269965409645,-0.192485787230069,0.0191425407372251,0.00129794447976267,0.0370507782855793,0.337960492303663,0.832348359797559,0.180500048094194
"35","StepData.HighestValuedStreak",2778.64,2226.33114283366,314.850769652895,1930,1139.25,3457,50,-0.285641515000743,-0.228944116677589,-0.217161248327672,0.0815910750919195,0.0524154085612813,0.047159007775233,0.044345155334625,0.172883143858173,0.129806413106574
"36","StepData.LongestActiveStreak",42.24,29.9315954830889,4.23296682756495,36.5,21.25,56.75,50,-0.18352510683081,-0.137327762263187,-0.124761235512183,0.0336814648372602,0.0188589142882145,0.0155653658865263,0.202039164489138,0.417645885469755,0.387993525831196
"37","StepData.MaxActiveMinutes_PosMET",95.76,60.2855653349548,8.52566641120224,87.5,46,127,50,-0.315481657075639,-0.333883891210245,-0.279759230905737,0.0995286759511913,0.111478452809695,0.0782652272769693,0.025634734175406,0.0434248767975771,0.0491086667594178
"38","StepData.MaxActiveMinutes_Pure",294.88,96.2313623619702,13.6091697777938,298.5,240.25,363.5,50,-0.181511918640484,-0.32016123996794,-0.173608202848862,0.0329465766085495,0.102503219577809,0.0301398080964115,0.207117953734952,0.0533824179997691,0.227922602467074
"39","StepData.MaximumDailyIQR",2.23,4.96848229608707,0.702649504753694,0,0,3.25,50,-0.0483593067073847,-0.162842834932181,-0.0116909933974847,0.0023386225452189,0.0265177888887494,0.000136679326620031,0.738758242162763,0.335555076809787,0.935776289323837
"40","StepData.MaximumDailyKurtosis",255.988211655765,374.833721778734,64.2834529487536,99.2728502653507,41.1377553985726,211.537872784705,34,-0.0690759383147231,-0.0653314614196799,-0.0371482690281414,0.00477148525405943,0.00426819985123112,0.00137999389178717,0.69788500489688,0.756359252266546,0.834776556948216
"41","StepData.MaximumDailyMaximumSteps",121.88,17.8126760642928,2.51909280722814,118.5,109.25,125.75,50,-0.334622263053834,-0.320556466916452,-0.307001261770273,0.111972058931269,0.102756448481958,0.0942497747285399,0.0175389625969977,0.053072139723124,0.0301139692515133
"42","StepData.MaximumDailyMeanSteps",6.64625,2.91102214724243,0.41168070009987,7.31909722222222,4.0828125,8.22204861111111,50,-0.302894785321393,-0.371850269671456,-0.24003067438536,0.091745250974893,0.138272623054734,0.0576147246458907,0.0325065355806773,0.0234396567501838,0.0931541554111597
"43","StepData.MaximumDailyMedianSteps",0,0,0,0,0,0,50,NA,NA,NA,NA,NA,NA,NA,NA,NA
"44","StepData.MaximumDailyMinimumSteps",0,0,0,0,0,0,50,NA,NA,NA,NA,NA,NA,NA,NA,NA
"45","StepData.MaximumDailyModeSteps",0,0,0,0,0,0,50,NA,NA,NA,NA,NA,NA,NA,NA,NA
"46","StepData.MaximumDailyQ1Steps",0,0,0,0,0,0,50,NA,NA,NA,NA,NA,NA,NA,NA,NA
"47","StepData.MaximumDailyQ3Steps",2.23,4.96848229608707,0.702649504753694,0,0,3.25,50,-0.0483593067073847,-0.162842834932181,-0.0116909933974847,0.0023386225452189,0.0265177888887494,0.000136679326620031,0.738758242162763,0.335555076809787,0.935776289323837
"48","StepData.MaximumDailySkewness",12.3294001488397,9.41844253437647,1.61524956889159,8.83392631797213,5.73184161307331,13.4022337452683,34,-0.0453890616274488,-0.0446410321151549,0.00525293339094093,0.00206016691542035,0.00199282174830629,2.75933092096622e-05,0.79880557313145,0.832198209826505,0.976478519429897
"49","StepData.MaximumDailyStdDevSteps",18.3308087491951,4.9501621207323,0.700058640708519,17.4512500250424,14.5387009382691,22.4139917122995,50,-0.432381106554478,-0.462992631888385,-0.35642047138461,0.186953421305275,0.214362177182933,0.127035552422027,0.0017138482897936,0.0039065604935975,0.0110671843569343
"50","StepData.MaximumDailyStdErrSteps",0.483059225003323,0.130448225738362,0.0184481650026699,0.459880817468372,0.383128409874645,0.590660543891701,50,-0.432381106554477,-0.462992631888382,-0.356420471384606,0.186953421305274,0.214362177182931,0.127035552422025,0.0017138482897936,0.00390656049359794,0.0110671843569352
"51","StepData.MaximumDailyTotalSteps",9570.6,4191.87189202911,592.820208143813,10539.5,5879.25,11839.75,50,-0.302894785321391,-0.371850269671453,-0.240030674385359,0.0917452509748913,0.138272623054732,0.0576147246458902,0.0325065355806791,0.0234396567501847,0.093154155411161
"52","StepData.MaxMETClass.BelowMin",1432.38,14.2926982928276,2.02129277686235,1439,1431.25,1440,50,0.124307728445269,0.0153422617565347,0.23538074673676,0.0154524113512227,0.000235384995806027,0.0554040959343546,0.389734349596057,0.928187541326742,0.0998653167717802
"53","StepData.MaxMETClassLight",20.8,16.9897928540783,2.4027195476147,16.5,10.25,27.75,50,-0.173857739782835,-0.130485238309705,-0.0958703356451859,0.030226513682396,0.0170263974167405,0.00919112125672061,0.227244496632137,0.441437272923671,0.507786951189619
"54","StepData.MaxMETClassLowModerate",24.66,18.6466717498576,2.63703760817679,19,9.5,33.5,50,-0.408790672693938,-0.404734943003083,-0.333156541935023,0.167109814081562,0.163810374087709,0.110993281434103,0.00320415034425414,0.0129639291435033,0.0180706803235737
"55","StepData.MaxMETClassModerate",0.86,2.1571901603139,0.305072758133371,0,0,0,50,-0.181890026589402,-0.164500221442755,-0.181548533566758,0.0330839817726933,0.0270603228547154,0.0329598700402401,0.206157301481527,0.330592397081798,0.207024789517517
"56","StepData.MaxMETClassNegligible",40.58,33.998853522087,4.80816397560717,32,19,46.25,50,-0.213568224522182,-0.223183943879635,-0.250025756658751,0.0456113865255573,0.0498110728056682,0.0625128789927811,0.136434440148825,0.184244283908538,0.0799176477569803
"57","StepData.MaxMETClassSedentary",17.7,12.4035051003944,1.75412051339416,13,10.25,23.5,50,-0.303898807289317,-0.333929739496162,-0.283076347165728,0.0923544850718692,0.111509070919974,0.0801322183246916,0.0319074705217859,0.0433943210118815,0.0463738192221941
"58","StepData.MaxMETClassVeryLight",10.36,8.2084078348772,1.16084416855729,8.5,5,12,50,-0.265323265101747,-0.296857298984088,-0.199697297396515,0.0703964350042519,0.0881242559601283,0.0398790105874723,0.0625754563613194,0.0743913045955338,0.164404984485615
"59","StepData.MaxMETClassVigorous",0.04,0.282842712474619,0.04,0,0,0,50,-0.0935219529582825,-0.108407272597999,-0.0479894853106398,0.0087463556851312,0.0117521367521368,0.00230299070038011,0.518284502839568,0.523038010639135,0.740686132003612
"60","StepData.MeanActiveMinutes_PosMET",44.1139450145895,33.6089111909578,4.75301780228454,39.46875,20.1049107142857,53.7764705882353,50,-0.28821747798021,-0.276377963370026,-0.298058911315576,0.083069314613273,0.0763847786365636,0.0888391146146264,0.0423815126079641,0.0977478046134819,0.0355240851667791
"61","StepData.MeanActiveMinutes_Pure",182.648256023418,69.8860847775877,9.88338489136204,185.820833333333,126.553571428571,230.071428571428,50,-0.231968881671722,-0.270381284730813,-0.244179630094303,0.0538095620640292,0.073106039132685,0.0596236917529904,0.105022634477556,0.105549667400741,0.0874667723305034
"62","StepData.MeanDailyIQR",0.341268907563025,0.815902938381933,0.115386100103979,0,0,0.205357142857143,50,-0.0736340992007608,-0.22592594703415,-0.0369311224945376,0.00542198056510749,0.0510425335432776,0.00136390780870654,0.611317847609973,0.178771894733093,0.799013325113547
"63","StepData.MeanDailyKurtosis",44.9105415643392,31.8851013396126,5.46824976686907,32.0489614153584,19.599509669307,60.1100178088255,34,0.0324743822838209,0.0740874627611542,0.0608157949331088,0.00105458550471574,0.00548895213838541,0.00369856091334594,0.855330268065066,0.724870840040075,0.732601971956775
"64","StepData.MeanDailyMaximumSteps",91.0636538042044,19.5348255639762,2.76264152511678,92.2436974789916,83.6745614035088,103.321428571428,50,-0.355939258379545,-0.328260586287195,-0.33218330963506,0.126692755655781,0.107755012509613,0.110345751200102,0.0111840050884426,0.0473064493544626,0.0184312383351568
"65","StepData.MeanDailyMeanSteps",3.50165036888536,1.60738045420297,0.227317923822727,3.29746212121213,2.3167808573082,4.73163442460318,50,-0.294365664570412,-0.32194301811188,-0.28660812386486,0.0866511444779804,0.103647306910986,0.0821442166653347,0.0379813794132238,0.0519949856498272,0.0435997776346455
"66","StepData.MeanDailyMedianSteps",0,0,0,0,0,0,50,NA,NA,NA,NA,NA,NA,NA,NA,NA
"67","StepData.MeanDailyMinimumSteps",0,0,0,0,0,0,50,NA,NA,NA,NA,NA,NA,NA,NA,NA
"68","StepData.MeanDailyModeSteps",0,0,0,0,0,0,50,NA,NA,NA,NA,NA,NA,NA,NA,NA
"69","StepData.MeanDailyQ1Steps",0,0,0,0,0,0,50,NA,NA,NA,NA,NA,NA,NA,NA,NA
"70","StepData.MeanDailyQ3Steps",0.341268907563025,0.815902938381933,0.115386100103979,0,0,0.205357142857143,50,-0.0736340992007608,-0.22592594703415,-0.0369311224945376,0.00542198056510749,0.0510425335432776,0.00136390780870654,0.611317847609973,0.178771894733093,0.799013325113547
"71","StepData.MeanDailySkewness",5.3620202065596,1.47646554472834,0.253211751932575,4.90309286952304,4.12983943180866,6.53442260106319,34,0.105707710406713,0.154197902412733,0.134380212011824,0.0111741200394295,0.0237769931084866,0.0180580413803427,0.551848560234982,0.461769241119184,0.44862911371844
"72","StepData.MeanDailyStdDevSteps",11.1621504795066,3.80084345545324,0.5375204363159,11.1691022152047,8.54460086078947,13.5122428300292,50,-0.32607515464705,-0.3211986077096,-0.31023846179817,0.106325006478098,0.103168545594585,0.0962479031788945,0.0208361551649143,0.0525710920018168,0.0283328098062856
"73","StepData.MeanDailyStdErrSteps",0.294148492506511,0.100161019574808,0.0141649072303811,0.294331686827324,0.225170003476084,0.356078863668098,50,-0.326075154647052,-0.321198607709598,-0.310238461798177,0.106325006478099,0.103168545594584,0.0962479031788989,0.0208361551649134,0.0525710920018181,0.0283328098062818
"74","StepData.MeanDailyTotalSteps",5042.37653119491,2314.62785405228,327.337810304727,4748.34545454546,3336.16443452381,6813.55357142857,50,-0.29436566457041,-0.321943018111881,-0.286608123864857,0.086651144477979,0.103647306910987,0.0821442166653331,0.0379813794132253,0.0519949856498267,0.0435997776346475
"75","StepData.MeanMETClass.BelowMin",1395.88605498541,33.6089111909576,4.75301780228451,1400.53125,1386.22352941176,1419.89508928572,50,0.28821747798028,0.276377963370183,0.29805891131564,0.0830693146133132,0.0763847786366504,0.0888391146146647,0.0423815126079119,0.0977478046132836,0.0355240851667373
"76","StepData.MeanMETClassLight",6.80628317285777,6.56803452316,0.928860350078757,4.51666666666666,2.75689655172413,8.54523809523809,50,-0.128197512799262,-0.0745692930686681,-0.0904227092734954,0.016434602287917,0.00556057946876091,0.00817626635235907,0.374952803649507,0.660929193248592,0.532302825751135
"77","StepData.MeanMETClassLowModerate",7.1510116967152,7.61501306798103,1.07692547583871,4.58809523809524,1.97395833333333,9.353125,50,-0.338361665475865,-0.337660545986406,-0.286244991849346,0.114488616663601,0.114014644315838,0.081936195358832,0.0162422309705312,0.0409655077131168,0.0438785876167593
"78","StepData.MeanMETClassModerate",0.16184335839599,0.526790048276915,0.0744993630796391,0,0,0,50,-0.135170746196157,-0.10744772346192,-0.176314944865221,0.018271130627226,0.0115450132771493,0.031086959782826,0.349308431836632,0.52674463791308,0.220641476832274
"79","StepData.MeanMETClassNegligible",20.0458134801245,19.7949484627186,2.79942845824531,13.3376623376624,8.440625,22.8035714285714,50,-0.208136746533483,-0.188408283738017,-0.254481968013849,0.0433209052575433,0.0354976813811051,0.0647610720442016,0.146929398742806,0.264103203702312,0.074515447949296
"80","StepData.MeanMETClassSedentary",6.69972505407597,4.60514580933457,0.651265966026658,5.69444444444444,3.51666666666667,8.83705357142857,50,-0.319220816765654,-0.357000128664118,-0.348295512832208,0.101901929856531,0.127449091866196,0.12130976425905,0.0238449600345492,0.0300784971976944,0.0131868248675389
"81","StepData.MeanMETClassVeryLight",3.2439349190867,2.42832919794933,0.343417608564652,2.67857142857143,1.33333333333333,4.64895833333333,50,-0.248398492444978,-0.261271078728239,-0.209064254033765,0.0617018110489376,0.0682625765798174,0.0437078623146948,0.0819654622561155,0.118294288092324,0.145096141041268
"82","StepData.MeanMETClassVigorous",0.00533333333333334,0.0377123616632826,0.00533333333333334,0,0,0,50,-0.0935219529582824,-0.108407272597998,-0.0479894853106398,0.00874635568513119,0.0117521367521368,0.00230299070038011,0.518284502839568,0.523038010639135,0.740686132003612
"83","StepData.MinimumDailyIQR",0,0,0,0,0,0,50,NA,NA,NA,NA,NA,NA,NA,NA,NA
"84","StepData.MinimumDailyKurtosis",13.0078837029635,8.09123960969677,1.38763614511202,10.4920437513574,7.53290472793904,15.5554404632296,34,0.139971826882894,0.339554478267644,0.0734178044098073,0.0195921123209347,0.115297243711612,0.00539017400435672,0.429796941593721,0.096791266113291,0.679869844634602
"85","StepData.MinimumDailyMaximumSteps",40.14,34.1652705870408,4.83169890263397,45.5,0,65.75,50,-0.105941374419245,0.0563324199663142,-0.142194302426376,0.0112235748138386,0.00317334153926119,0.0202192196425237,0.464024711097886,0.740524378004911,0.324598801770339
"86","StepData.MinimumDailyMeanSteps",0.825944444444445,1.10478676629171,0.156240442842005,0.273263888888889,0,1.51145833333333,50,-0.0166659386476153,0.0901434338193248,-0.0752084521311355,0.000277753511006078,0.00812583866073898,0.0056563112719613,0.90854560587488,0.595707356035513,0.603698416101424
"87","StepData.MinimumDailyMedianSteps",0,0,0,0,0,0,50,NA,NA,NA,NA,NA,NA,NA,NA,NA
"88","StepData.MinimumDailyMinimumSteps",0,0,0,0,0,0,50,NA,NA,NA,NA,NA,NA,NA,NA,NA
"89","StepData.MinimumDailyModeSteps",0,0,0,0,0,0,50,NA,NA,NA,NA,NA,NA,NA,NA,NA
"90","StepData.MinimumDailyQ1Steps",0,0,0,0,0,0,50,NA,NA,NA,NA,NA,NA,NA,NA,NA
"91","StepData.MinimumDailyQ3Steps",0,0,0,0,0,0,50,NA,NA,NA,NA,NA,NA,NA,NA,NA
"92","StepData.MinimumDailySkewness",3.4159004033546,0.869708771270596,0.149153823758937,3.29870389636566,2.83888792265183,3.78688399980956,34,0.133158780047075,0.290733738924936,0.0863770521971111,0.0177312607036253,0.0845261069492729,0.00746099514626246,0.452801314248012,0.158564092592572,0.627157965691652
"93","StepData.MinimumDailyStdDevSteps",3.51393344525097,3.75822625209847,0.531493453618426,2.60232651051272,0,7.0392458373692,50,-0.0477478421011943,0.0842523003486669,-0.103475606398804,0.00227985642532058,0.00709845011404197,0.0107072011196002,0.741946678347642,0.620049664797192,0.474547433580466
"94","StepData.MinimumDailyStdErrSteps",0.0926002769436303,0.0990379576572444,0.0140060822908607,0.0685773249054859,0,0.185500415466215,50,-0.0477478421011948,0.0842523003486664,-0.103475606398803,0.00227985642532063,0.00709845011404189,0.0107072011196001,0.741946678347639,0.620049664797194,0.474547433580469
"95","StepData.MinimumDailyTotalSteps",1189.36,1590.89294346006,224.986237692487,393.5,0,2176.5,50,-0.0166659386476149,0.0901434338193244,-0.0752084521311347,0.000277753511006065,0.00812583866073891,0.00565631127196118,0.908545605874882,0.595707356035514,0.603698416101428
"96","StepData.ModeActiveMinutes_PosMET",31.4,38.8912665291952,5.50005565834546,19,3.25,50,50,-0.191576364940572,-0.0985522238651955,-0.168243787100788,0.0367015036038432,0.00971254082877562,0.0283059718980154,0.182607493718252,0.561705502771325,0.242838605999925
"97","StepData.ModeActiveMinutes_Pure",148.84,119.711278516611,16.9297313647214,174,22,240.25,50,-0.167786091225611,-0.126908696085941,-0.210809593876979,0.028152172408769,0.0161058171422338,0.0444406848705766,0.244141311456841,0.45416206455184,0.14169249000926
"98","StepData.ModeDailyIQR",0,0,0,0,0,0,50,NA,NA,NA,NA,NA,NA,NA,NA,NA
"99","StepData.ModeDailyKurtosis",150.256725370102,335.737446306392,51.8054126727943,29.5627353114022,18.3653163203966,109.18606383368,42,0.163688375733977,-0.00112427092356884,0.142523611839489,0.0267938843504276,1.26398510958233e-06,0.0203129799317733,0.300288549263216,0.995295528184067,0.367911478593647
"100","StepData.ModeDailyMaximumSteps",87.1,40.957543971328,5.79227141657444,103,70,113,50,-0.301930001987745,-0.297187532480777,-0.319073405529875,0.0911617261003199,0.0883204294620128,0.101807838116432,0.0330909473684724,0.0740541248428619,0.0239134772036327
"101","StepData.ModeDailyMeanSteps",2.22369444444444,2.22924309283304,0.315262581571103,1.61284722222222,0.351215277777778,3.35451388888889,50,-0.22389767788967,-0.137039037821455,-0.255044509774415,0.0501301701643863,0.0187796978870301,0.0650477019660714,0.118036273741752,0.418634926911449,0.0738545361069782
"102","StepData.ModeDailyMedianSteps",0,0,0,0,0,0,50,NA,NA,NA,NA,NA,NA,NA,NA,NA
"103","StepData.ModeDailyMinimumSteps",0,0,0,0,0,0,50,NA,NA,NA,NA,NA,NA,NA,NA,NA
"104","StepData.ModeDailyModeSteps",0,0,0,0,0,0,50,NA,NA,NA,NA,NA,NA,NA,NA,NA
"105","StepData.ModeDailyQ1Steps",0,0,0,0,0,0,50,NA,NA,NA,NA,NA,NA,NA,NA,NA
"106","StepData.ModeDailyQ3Steps",0,0,0,0,0,0,50,NA,NA,NA,NA,NA,NA,NA,NA,NA
"107","StepData.ModeDailySkewness",8.53161682225071,8.57847190877355,1.32368695307946,4.95397901815522,4.12462998159464,9.88332273658373,42,0.174561635258907,0.0331207527956269,0.175612748482938,0.0304717645042637,0.00109698426574902,0.0308398374297315,0.268872114664586,0.862062848145046,0.265954753105069
"108","StepData.ModeDailyStdDevSteps",7.88227894263728,6.13855795602392,0.868123191482229,7.62251835762219,3.10737482411586,12.0444834142321,50,-0.187366664680052,-0.0664852273159117,-0.215066771240236,0.0351062670333271,0.00442028545124846,0.0462537160916999,0.19259307584397,0.695822047456033,0.133639991986288
"109","StepData.ModeDailyStdErrSteps",0.207716288429313,0.161765205749861,0.0228770547891527,0.2008709959711,0.0818865165672603,0.317400006909123,50,-0.187366664680052,-0.0664852273159121,-0.215066771240235,0.0351062670333269,0.0044202854512485,0.0462537160916995,0.192593075843972,0.695822047456031,0.13363999198629
"110","StepData.ModeDailyTotalSteps",3202.12,3210.11005367958,453.978117462388,2322.5,505.75,4830.5,50,-0.22389767788967,-0.137039037821454,-0.255044509774416,0.0501301701643863,0.01877969788703,0.0650477019660719,0.118036273741753,0.41863492691145,0.0738545361069771
"111","StepData.ModeMETClass.BelowMin",1408.6,38.8912665291952,5.50005565834546,1421,1390,1436.75,50,0.191576364940572,0.0985522238651901,0.168243787100782,0.0367015036038432,0.00971254082877455,0.0283059718980134,0.182607493718252,0.561705502771347,0.242838605999942
"112","StepData.ModeMETClassLight",3.86,6.21062289425899,0.87831471278459,1,0,5,50,-0.105769005027105,-0.0433556181352829,-0.0598448371689122,0.0111870824244238,0.00187970962389247,0.00358140453577362,0.464756186631791,0.7988852611484,0.679728117487209
"113","StepData.ModeMETClassLowModerate",2.48,6.21794637664697,0.879350409596279,0,0,1.75,50,-0.129042190330943,-0.0772204857880014,-0.132132778243779,0.0166518868854074,0.00596300342533492,0.0174590710864195,0.371787884273828,0.649633437028563,0.360345158486594
"114","StepData.ModeMETClassModerate",0,0,0,0,0,0,50,NA,NA,NA,NA,NA,NA,NA,NA,NA
"115","StepData.ModeMETClassNegligible",15.54,19.361449178347,2.73812240152158,8.5,1.25,22.25,50,-0.17555929491627,-0.0926293558532072,-0.172356883718704,0.0308210660314979,0.00858019756578009,0.0297068953652228,0.222657716394309,0.585562161526386,0.231344056000191
"116","StepData.ModeMETClassSedentary",4.8,5.17450579322138,0.731785627135183,3,1,8,50,-0.204479452977299,-0.213947981406252,-0.287774377328386,0.0418118466898955,0.0457737387478098,0.0828140922467405,0.154325523894468,0.203546928426541,0.0427141201292309
"117","StepData.ModeMETClassVeryLight",1.44,2.28714241099309,0.323450781670512,0,0,2,50,-0.18504840082369,-0.189594884037577,-0.204921279226385,0.034242910647405,0.0359462200532224,0.0419927306797779,0.198255134182583,0.261051676601099,0.153417752411331
"118","StepData.ModeMETClassVigorous",0,0,0,0,0,0,50,NA,NA,NA,NA,NA,NA,NA,NA,NA
"119","StepData.OverallIQR",0,0,0,0,0,0,50,NA,NA,NA,NA,NA,NA,NA,NA,NA
"120","StepData.OverallKurtosis",40.198233531699,36.6002237083467,5.17605327542332,27.839368357853,18.6033318559283,47.333173614774,50,0.264401048204025,0.327711041427783,0.270956126040662,0.0699079142913871,0.107394526673682,0.0734172222389629,0.0635273956518678,0.0477002823253607,0.0570063167286556
"121","StepData.OverallMaximum",121.88,17.8126760642928,2.51909280722814,118.5,109.25,125.75,50,-0.334622263053834,-0.320556466916452,-0.307001261770273,0.111972058931269,0.102756448481958,0.0942497747285399,0.0175389625969977,0.053072139723124,0.0301139692515133
"122","StepData.OverallMean",3.50165036888536,1.60738045420297,0.227317923822727,3.29746212121213,2.3167808573082,4.73163442460318,50,-0.294365664570412,-0.32194301811188,-0.28660812386486,0.0866511444779804,0.103647306910986,0.0821442166653347,0.0379813794132238,0.0519949856498272,0.0435997776346455
"123","StepData.OverallMedian",0,0,0,0,0,0,50,NA,NA,NA,NA,NA,NA,NA,NA,NA
"124","StepData.OverallMETClass.BelowMin.PercentageAll",0.969365315962091,0.0233395216603873,0.00330070680714204,0.972591145833334,0.96265522875817,0.986038256448413,50,0.288217477980302,0.276377963370057,0.298058911315684,0.0830693146133261,0.0763847786365807,0.0888391146146906,0.042381512607895,0.0977478046134428,0.0355240851667094
"125","StepData.OverallMETClassLight.Percentage",0.13597573237348,0.0806581553415066,0.0114067857199954,0.123368530815518,0.0786463731833468,0.168437752174138,50,-0.0655551864730381,-0.0768772120253858,0.008752769564256,0.00429748247351479,0.00591010572879612,7.66109750449662e-05,0.651047210507606,0.651091733685168,0.951895095256423
"126","StepData.OverallMETClassLight.PercentageAll",0.00472658553670679,0.00456113508552778,0.000645041909776915,0.00313657407407408,0.00191451149425287,0.00593419312169312,50,-0.128197512799262,-0.0745692930686674,-0.0904227092734938,0.0164346022879169,0.0055605794687608,0.00817626635235877,0.374952803649508,0.660929193248595,0.532302825751143
"127","StepData.OverallMETClassLowModerate.Percentage",0.127036126702069,0.0901363242129873,0.0127472012164465,0.0969061962069172,0.0494569781546056,0.157838502068972,50,-0.249452507661278,-0.242313402842393,-0.138481217747606,0.0622265535785,0.0587157851970596,0.0191770476688599,0.080634403246773,0.148463056240553,0.337521213874405
"128","StepData.OverallMETClassLowModerate.PercentageAll",0.00496598034494111,0.00528820351943128,0.000747864913776884,0.00318617724867725,0.00137080439814815,0.00649522569444444,50,-0.338361665475863,-0.337660545986407,-0.286244991849344,0.1144886166636,0.114014644315839,0.0819361953588312,0.0162422309705317,0.0409655077131161,0.0438785876167604
"129","StepData.OverallMETClassModerate.Percentage",0.00312333370471827,0.0104950831169307,0.00148422888821963,0,0,0,50,-0.13407613706082,-0.115362293896706,-0.175554776100922,0.0179764105291518,0.0133084588531099,0.030819479411845,0.353260878154281,0.496560129648176,0.222669811867889
"130","StepData.OverallMETClassModerate.PercentageAll",0.000112391221108326,0.000365826422414524,5.17356688053049e-05,0,0,0,50,-0.135170746196157,-0.10744772346192,-0.176314944865221,0.0182711306272259,0.0115450132771492,0.031086959782826,0.349308431836633,0.526744637913082,0.220641476832275
"131","StepData.OverallMETClassNegligible.Percentage",0.497388325983124,0.131151078521261,0.0185475633964626,0.519035927313755,0.418187357684868,0.597667267316873,50,0.265641103718882,0.295991618696005,0.140320942389399,0.0705651959849858,0.0876110383382813,0.0196899668730491,0.0622500333457867,0.0752808888144643,0.331079045204609
"132","StepData.OverallMETClassNegligible.PercentageAll",0.013920703805642,0.013746491987999,0.00194404754044813,0.00926226551226552,0.00586154513888889,0.0158358134920635,50,-0.208136746533484,-0.188408283738017,-0.254481968013851,0.0433209052575439,0.0354976813811052,0.0647610720442026,0.146929398742803,0.264103203702311,0.0745154479492935
"133","StepData.OverallMETClassSedentary.Percentage",0.167878130613107,0.0584019192280937,0.00825927862409882,0.164096182543774,0.138645843588233,0.183229440764492,50,-0.0778641528973868,-0.128227486884447,-0.112930796179935,0.00606282630642762,0.0164422883927011,0.012753364725834,0.590940218686374,0.44944714753289,0.43489268411742
"134","StepData.OverallMETClassSedentary.PercentageAll",0.00465258684310831,0.00319801792314901,0.000452268031962957,0.00395447530864197,0.00244212962962963,0.00613684275793651,50,-0.319220816765653,-0.357000128664116,-0.348295512832205,0.10190192985653,0.127449091866195,0.121309764259049,0.0238449600345496,0.0300784971976953,0.0131868248675395
"135","StepData.OverallMETClassVeryLight.Percentage",0.0684840342613975,0.0247200679078434,0.0034959455298056,0.065922365048133,0.0564734874499369,0.0763878665669086,50,-0.0419364197039066,-0.14063051840243,0.0748214661320054,0.00175866329758221,0.0197769427061361,0.00559825179414284,0.772457215379897,0.406426162336262,0.605567488138864
"136","StepData.OverallMETClassVeryLight.PercentageAll",0.0022527325826991,0.00168633972079814,0.000238484450392119,0.00186011904761904,0.000925925925925926,0.00322844328703703,50,-0.248398492444976,-0.261271078728238,-0.209064254033766,0.0617018110489368,0.0682625765798169,0.043707862314695,0.0819654622561174,0.118294288092326,0.145096141041267
"137","StepData.OverallMETClassVigorous.Percentage",0.000114316362103973,0.00080833874844296,0.000114316362103973,0,0,0,50,-0.0935219529582825,-0.108407272597999,-0.0479894853106398,0.0087463556851312,0.0117521367521368,0.00230299070038011,0.518284502839567,0.523038010639135,0.740686132003612
"138","StepData.OverallMETClassVigorous.PercentageAll",3.7037037037037e-06,2.61891400439462e-05,3.7037037037037e-06,0,0,0,50,-0.0935219529582825,-0.108407272597999,-0.0479894853106398,0.0087463556851312,0.0117521367521368,0.00230299070038011,0.518284502839568,0.523038010639135,0.740686132003612
"139","StepData.OverallMinimum",0,0,0,0,0,0,50,NA,NA,NA,NA,NA,NA,NA,NA,NA
"140","StepData.OverallMode",0,0,0,0,0,0,50,NA,NA,NA,NA,NA,NA,NA,NA,NA
"141","StepData.Overalln",22982.4,4082.89741057819,577.408889181767,21600,20160,23040,50,-0.0373175030126791,-0.045321993266572,0.0329474684195754,0.00139259603110131,0.0020540830736552,0.00108553567525892,0.796954886933336,0.789963816978389,0.82031269278722
"142","StepData.OverallQ1",0,0,0,0,0,0,50,NA,NA,NA,NA,NA,NA,NA,NA,NA
"143","StepData.OverallQ3",0,0,0,0,0,0,50,NA,NA,NA,NA,NA,NA,NA,NA,NA
"144","StepData.OverallSkewness",5.48201767985143,1.96599093169369,0.278033103910373,4.79337857607362,4.12958812100844,6.35477783643227,50,0.233281417618504,0.288516987041979,0.25055481802067,0.0544202198060987,0.0832420518117817,0.062777716833371,0.103014929557755,0.0833114800834134,0.0792605994513151
"145","StepData.OverallStdDev",12.1653424395217,3.75855435068858,0.531539853766019,12.2279334392055,9.01411833844957,14.720837418654,50,-0.358306189897273,-0.3817540787961,-0.324264661059994,0.1283833257187,0.145736176677459,0.105147570412353,0.0106194593186577,0.0197271712336109,0.0215979303812983
"146","StepData.OverallStdErr",0.0817247969927518,0.0276170922092375,0.0039056466355612,0.0845770658485543,0.0606614130032133,0.100183916209,50,-0.326636022897228,-0.339071298782938,-0.307351502633658,0.106691091454119,0.114969345658349,0.0944649461711677,0.02060481731383,0.0400762912465202,0.0299168748572578
"147","StepData.OverallTotal",77488.86,32689.5105225589,4622.99491283408,76951.5,53114,106387.25,50,-0.3211900339995,-0.372083135573224,-0.295609485209008,0.1031630379406,0.138445859778002,0.0873849677455347,0.022945361430516,0.0233461460235307,0.0371386353049974
"148","StepData.StdDevActiveMinutes_PosMET",25.3695543860941,15.9771337960297,2.25950793021947,23.2069195658121,11.4463489081493,31.9088575492952,50,-0.311384805808409,-0.346048767562316,-0.239463064714248,0.0969604972883409,0.119749749531398,0.0573425593623403,0.0277235289682403,0.0359056285174875,0.0939540773713421
"149","StepData.StdDevActiveMinutes_Pure",72.211156011166,34.465248103374,4.87412212983451,68.2208788491736,46.9947122177057,84.1678686274154,50,-0.114583788509098,-0.342003090115109,-0.0680207561316317,0.0131294445890978,0.116966113648284,0.00462682326471891,0.428155736544973,0.0382783949507708,0.638813557264407
"150","StepData.StdDevDailyIQR",0.675603451560739,1.38604570695478,0.196016463684446,0,0,0.816815310478106,50,-0.0410443209757752,-0.195391431485754,-0.0101058945686019,0.00168463628436246,0.0381778114980521,0.000102129105031698,0.777172427134565,0.246480971233972,0.944469228879241
"151","StepData.StdDevDailyKurtosis",60.8920123190608,92.0695191902018,15.7897922758707,20.1409703526929,9.24649187904691,57.1571213862715,34,-0.0806931413221682,-0.0799309240362886,-0.0480742215533264,0.00651138305643941,0.00638895261729493,0.00231113077795832,0.650073926230164,0.704092075661032,0.787168410376585
"152","StepData.StdDevDailyMaximumSteps",24.2593249027679,12.0496607081308,1.70407935954327,20.6132891443849,15.1151958414568,33.3009512365631,50,-0.0418742385300881,-0.1746576736249,-0.00534187093562452,0.00175345185247472,0.0305053029560621,2.853558509287e-05,0.772785614160649,0.301177847029857,0.970630450844602
"153","StepData.StdDevDailyMeanSteps",1.68632860363822,0.87030474169595,0.123079676910403,1.58144894032321,1.0577034522787,2.17395425249138,50,-0.26119982169526,-0.385788003206509,-0.179356656197943,0.0682253468536356,0.148832383418065,0.0321688101225072,0.0669220165961273,0.0183627313521446,0.212653872370365
"154","StepData.StdDevDailyMedianSteps",0,0,0,0,0,0,50,NA,NA,NA,NA,NA,NA,NA,NA,NA
"155","StepData.StdDevDailyMinimumSteps",0,0,0,0,0,0,50,NA,NA,NA,NA,NA,NA,NA,NA,NA
"156","StepData.StdDevDailyModeSteps",0,0,0,0,0,0,50,NA,NA,NA,NA,NA,NA,NA,NA,NA
"157","StepData.StdDevDailyQ1Steps",0,0,0,0,0,0,50,NA,NA,NA,NA,NA,NA,NA,NA,NA
"158","StepData.StdDevDailyQ3Steps",0.675603451560739,1.38604570695478,0.196016463684446,0,0,0.816815310478106,50,-0.0410443209757752,-0.195391431485754,-0.0101058945686019,0.00168463628436246,0.0381778114980521,0.000102129105031698,0.777172427134565,0.246480971233972,0.944469228879241
"159","StepData.StdDevDailySkewness",2.25745500878627,2.21650660545855,0.380127746795166,1.26474118428596,0.828641378792896,2.74011162064179,34,-0.0705890618987115,-0.0824106214717526,-0.0127732236187293,0.00498281565974012,0.00679151053136049,0.000163155241614064,0.691587765227001,0.695335444848954,0.94284305564192
"160","StepData.StdDevDailyStdDevSteps",4.25061555323466,1.77032062328798,0.250361143520265,4.4091553011231,2.96555593266422,5.07414309867604,50,-0.289887947037035,-0.404727511039132,-0.208743136585765,0.0840350218373467,0.163804358191931,0.0435736970716634,0.0411466155098892,0.0129657489724337,0.14572891309461
"161","StepData.StdDevDailyStdErrSteps",0.112013555049652,0.0466520446529911,0.00659759542606953,0.116191444241288,0.0781492606320322,0.133715411378673,50,-0.289887947037031,-0.404727511039127,-0.208743136585761,0.0840350218373443,0.163804358191927,0.0435736970716617,0.0411466155098923,0.0129657489724351,0.145728913094619
"162","StepData.StdDevDailyTotalSteps",2428.31318923903,1253.23882804217,177.23473475098,2277.28647406542,1523.09297128132,3130.49412358757,50,-0.261199821695262,-0.385788003206513,-0.179356656197948,0.0682253468536366,0.148832383418068,0.0321688101225088,0.0669220165961251,0.0183627313521433,0.212653872370353
"163","StepData.StdDevMETClass.BelowMin",25.3695543860941,15.9771337960297,2.25950793021947,23.2069195658121,11.4463489081493,31.9088575492952,50,-0.311384805808409,-0.346048767562316,-0.239463064714248,0.0969604972883409,0.119749749531398,0.0573425593623403,0.0277235289682403,0.0359056285174875,0.0939540773713421
"164","StepData.StdDevMETClassLight",5.97316423902936,5.31600366244164,0.751796447705002,4.56954031619319,3.00318597877724,7.53483791627654,50,-0.0941265298422931,-0.0501035421764007,-0.0357370282386937,0.0088598036201521,0.00251036493862236,0.00127713518733319,0.515571627252404,0.7683815751278,0.805383345791801
"165","StepData.StdDevMETClassLowModerate",7.53421764191937,6.13904724089338,0.868192386812054,5.98863665928856,2.74395333576352,9.61924573888043,50,-0.388094121402047,-0.38390433697625,-0.324470122845521,0.150617047066827,0.147382539949174,0.105280860619387,0.00535437922983473,0.0189896976103268,0.021510317295508
"166","StepData.StdDevMETClassModerate",0.282658795368966,0.763960059368486,0.108040267707027,0,0,0,50,-0.165217627173821,-0.148509933492028,-0.183896389986268,0.0272968643289477,0.0220552003458066,0.0338178822499817,0.251539841642308,0.380364874055345,0.201112192536701
"167","StepData.StdDevMETClassNegligible",10.6365595558878,8.94844092807987,1.2655006522585,7.47183771820321,5.0254540306917,11.7732323725256,50,-0.209441511227531,-0.240409595162525,-0.209127810471007,0.0438657466252721,0.0577967734462091,0.0437344411123974,0.14435534991793,0.15177737729992,0.144971143031714
"168","StepData.StdDevMETClassSedentary",4.92553956557412,3.26913211741992,0.462325097764472,3.96606797579206,2.92515729151575,5.99955271022342,50,-0.312573453389997,-0.355235251466904,-0.295234678813456,0.0977021637641485,0.126192083884755,0.0871635155740844,0.0271033553667599,0.0309611873591482,0.0373909448870209
"169","StepData.StdDevMETClassVeryLight",3.03785765715879,2.2394026358479,0.316699357923016,2.40359930824688,1.5979093325702,3.65754845596847,50,-0.226568732541679,-0.259414934780709,-0.160328612993246,0.0513333905655428,0.0672961083872797,0.0257052641443381,0.113600651589521,0.121026738973422,0.266037624970266
"170","StepData.StdDevMETClassVigorous",0.0118723367940933,0.0839500985563391,0.0118723367940933,0,0,0,50,-0.0935219529582825,-0.108407272597998,-0.0479894853106398,0.0087463556851312,0.0117521367521368,0.00230299070038011,0.518284502839568,0.523038010639135,0.740686132003612
"171","StepData.StdErrDailyIQR",0.169537890204132,0.336058589188004,0.0475258614581643,0,0,0.205357142857143,50,-0.0366300842982114,-0.194171574905076,-0.00490508816269512,0.00134176307569407,0.0377026005011174,2.40598898838118e-05,0.800618041683446,0.24950104970257,0.973030952592897
"172","StepData.StdErrDailyKurtosis",15.3363136519793,23.1131636787733,3.96387486907685,4.91080356522263,2.43800185308544,14.8592333710827,34,-0.0848049200516062,-0.0856214349831766,-0.0514272893708829,0.00719187446495932,0.00733103012857834,0.00264476609203653,0.633463349964995,0.684053236656949,0.772700185399628
"173","StepData.StdErrDailyMaximumSteps",6.00630618237033,2.81185644116478,0.397656551454138,5.33182352571896,3.94794842384993,8.07347973603152,50,-0.0393941741829325,-0.185374439446169,-0.0155760650234543,0.00155190095955523,0.0343636827999814,0.000242613801614876,0.785915187281476,0.27201179002939,0.914503294088767
"174","StepData.StdErrDailyMeanSteps",0.424988211196414,0.214240426788472,0.0302981717172857,0.411735471915984,0.261723298019603,0.541170369279783,50,-0.262361513567559,-0.384678379623075,-0.188865412053545,0.0688335638014605,0.147977455749435,0.0356701438701555,0.0656738111921991,0.0187299302302091,0.188994394484515
"175","StepData.StdErrDailyMedianSteps",0,0,0,0,0,0,50,NA,NA,NA,NA,NA,NA,NA,NA,NA
"176","StepData.StdErrDailyMinimumSteps",0,0,0,0,0,0,50,NA,NA,NA,NA,NA,NA,NA,NA,NA
"177","StepData.StdErrDailyModeSteps",0,0,0,0,0,0,50,NA,NA,NA,NA,NA,NA,NA,NA,NA
"178","StepData.StdErrDailyQ1Steps",0,0,0,0,0,0,50,NA,NA,NA,NA,NA,NA,NA,NA,NA
"179","StepData.StdErrDailyQ3Steps",0.169537890204132,0.336058589188004,0.0475258614581643,0,0,0.205357142857143,50,-0.0366300842982114,-0.194171574905076,-0.00490508816269512,0.00134176307569407,0.0377026005011174,2.40598898838118e-05,0.800618041683446,0.24950104970257,0.973030952592897
"180","StepData.StdErrDailySkewness",0.572767106645969,0.552149483070313,0.0946928551337263,0.332547987744965,0.212688632411751,0.702586088285713,34,-0.077263179578049,-0.0917954950760359,-0.0180954569003112,0.00596959891850985,0.00842641291625452,0.000327445560431021,0.664058376398355,0.662544388708564,0.91909384043852
"181","StepData.StdErrDailyStdDevSteps",1.06480391265402,0.421734428299346,0.0596422548220599,1.04672341673086,0.741140444019366,1.33724354491781,50,-0.300193539972312,-0.420961264091974,-0.230711662510234,0.0901161614411079,0.177208385865912,0.0532278712182361,0.0341647337420261,0.00947198752843104,0.106973794183316
"182","StepData.StdErrDailyStdErrSteps",0.0280600468787142,0.0111136780094575,0.00157171141688225,0.0275835839758592,0.0195307655764142,0.0352394615691496,50,-0.300193539972306,-0.420961264091974,-0.230711662510228,0.0901161614411047,0.177208385865913,0.0532278712182334,0.0341647337420294,0.00947198752843104,0.106973794183326
"183","StepData.StdErrDailyTotalSteps",611.983024122836,308.506214575399,43.6293672728913,592.899079559018,376.881549148229,779.285331762887,50,-0.262361513567558,-0.384678379623071,-0.188865412053546,0.0688335638014597,0.147977455749432,0.0356701438701557,0.0656738111922006,0.0187299302302102,0.188994394484514
"184","StepData.TotalActiveMinutes_PosMET",677.36,486.901228721609,68.8582321194223,607,303,863.5,50,-0.300284797953121,-0.296790988526845,-0.294315080145441,0.0901709598817469,0.0880848908707421,0.0866213664010175,0.0341075929997721,0.0744591542373447,0.0380159831023477
"185","StepData.TotalActiveMinutes_Pure",2811.74,976.122040086616,138.044502762179,2888,2202.75,3350.75,50,-0.252567880972415,-0.318085284643176,-0.249697588062219,0.0637905344988959,0.10117824830653,0.0623488854840894,0.0767993513131549,0.0550360412134629,0.080327353585989
"186","StepData.TotalMETClass.BelowMin",22305.04,4184.12306643842,591.724358719532,21058.5,19613,22786.5,50,-0.00147091737795358,-0.0139385273870521,0.0663994589160078,2.16359793276584e-06,0.0001942825457196,0.00440888814433861,0.991911276903598,0.934743256298072,0.646847639649615
"187","StepData.TotalMETClassLight",103.52,93.2018305855083,13.1807292852025,74,43.25,133,50,-0.152692038817738,-0.107828044783212,-0.100197083725213,0.0233148587183175,0.0116268872417704,0.0100394555870374,0.289777380351783,0.525273967697912,0.488732825560036
"188","StepData.TotalMETClassLowModerate",108.86,112.17169965763,15.8634738970262,72.5,33,139.5,50,-0.346611807095504,-0.346746705710715,-0.283229352966402,0.120139744818011,0.120233277921233,0.0802188663817666,0.0136670646506729,0.0355086887681011,0.046250729771669
"189","StepData.TotalMETClassModerate",2.52,8.33541742646818,1.17880603725523,0,0,0,50,-0.131169129897221,-0.101140939189119,-0.17443143613377,0.0172053406379941,0.010229489580057,0.0304263259116893,0.363889816009744,0.55142163345562,0.225690786912627
"190","StepData.TotalMETClassNegligible",308.98,293.313476523333,41.4807896526101,198.5,132.75,341.5,50,-0.204821503099861,-0.191293479751419,-0.238912529519979,0.0419518481320865,0.0365931953954065,0.0570791967616347,0.153622406865713,0.256724207224272,0.0947350218838574
"191","StepData.TotalMETClassSedentary",103.16,68.4016827576751,9.67345874450461,92.5,55.25,128.25,50,-0.326388028859403,-0.368978998148389,-0.338137930306615,0.106529145382726,0.136145501074589,0.114337259912041,0.0207068370567436,0.0246184243585448,0.0163174543012985
"192","StepData.TotalMETClassVeryLight",50.24,37.8458527639234,5.35221182583158,37.5,21.75,69,50,-0.25231755480974,-0.27472622034357,-0.198355439966621,0.0636641484651661,0.0754744961442637,0.0393448805643519,0.077102083960487,0.0998513703357276,0.167317622151127
"193","StepData.TotalMETClassVigorous",0.08,0.565685424949238,0.08,0,0,0,50,-0.0935219529582825,-0.108407272597999,-0.0479894853106398,0.0087463556851312,0.0117521367521368,0.00230299070038011,0.518284502839568,0.523038010639135,0.740686132003612
"194","TestEnd.Reason",NA,NA,NA,NA,NA,NA,0,NA,NA,NA,NA,NA,NA,NA,NA,NA
"195","TestEnd.Symptom",NA,NA,NA,NA,NA,NA,0,NA,NA,NA,NA,NA,NA,NA,NA,NA
"196","TotalRiskScore",9.6,3.64691650576209,1.63095064303001,10,8,10,5,0.475594865605671,0.475594865605671,0.475594865605671,0.226190476190476,0.226190476190476,0.226190476190476,0.418126956139655,0.418126956139655,0.418126956139655
"197","VCO2.Peak",1.36916326530612,0.513840294049733,0.073405756292819,1.295,1.014,1.586,49,-0.205348086975875,-0.261695680217932,-0.247456057798314,0.0421678368246517,0.0684846290447261,0.0612345005410827,0.156932408952415,0.117675782157503,0.0864829360315433
"198","VE.Peak",45.4575,14.3190000988123,2.06676964039389,46.8,33.975,56,48,-0.0839435379155268,-0.107091591590405,-0.123723793376625,0.00704651755777549,0.0114686089893661,0.0153075770475018,0.570544077916443,0.534162333979572,0.402134975409124
"199","VEperVCO2.atAT",34.2083333333333,5.76843329640167,0.832601629119976,33,30,37,48,0.392730041923935,0.471452077168884,0.429518772306281,0.154236885829575,0.222267061066855,0.184486375763495,0.00576092143137652,0.00322449741571873,0.00231488389842371
"200","VEperVCO2.Peak",34.5102040816327,7.20856680444523,1.02979525777789,33,30,38,49,0.312475862271409,0.293197486622916,0.298641216357127,0.0976411645022608,0.085964766161995,0.0891865761072643,0.0288211278427104,0.0782089281653164,0.0371283488775802
"201","VO2",1.24802,0.435792147141506,0.0616303164863209,1.154,0.9465,1.458,50,-0.0906736935277784,-0.137582871543591,-0.114387994585974,0.00822171869796948,0.0189290465421802,0.0130846133054008,0.531160710233177,0.41677309141749,0.428950631002593
"202","VO2.Peak.Measured.Percentage",65.0434782608696,6.89913528152987,1.01722200168603,65,60,69,46,-0.045756705020987,-0.115199127936328,0.0303873307437935,0.00209367605437762,0.0132708390772904,0.000923389869732696,0.762686665190099,0.503473711131364,0.841112073527788
"203","VO2.Peak.Predicted.Percentage",32.5434782608696,8.72214683496145,1.28601039121696,32.5,26.5,35.75,46,-0.320975818137634,-0.283982206399729,-0.351471126231334,0.103025475829124,0.0806458935516582,0.123531952574322,0.0296328765252167,0.0932462266787564,0.0166130651083698
"204","VO2.perBodyWeight",14.306,3.66207312759272,0.517895348344368,13.95,12.025,16.775,50,-0.257508211542828,-0.287187304708918,-0.340681911268295,0.0663104790119857,0.0824765479859731,0.116064164665418,0.0710144981938914,0.0848070932377596,0.0154793667582811
"205","VO2.Predicted.Absolute",2.346,0.643243344310689,0.0909683461430403,2.29,1.8625,2.70575,50,0.000479766642990088,8.58882745288255e-06,-0.0193017753387341,2.30176031725978e-07,7.3767957015389e-11,0.000372558531226965,0.997361675708321,0.99995974625606,0.894158262557492
"206","VO2.Predicted.Absolute.Percentage",55.5295846645367,15.9113462261635,2.25020416286544,53,44,65.75,50,-0.210422674814312,-0.196613764932221,-0.265307184102668,0.0442777020760097,0.0386569725608226,0.0703879019364869,0.142441861779858,0.24347943218902,0.0625919572266145
"207","VO2.Predicted.Relative",29.486,5.40717625956847,0.764690200042355,29.8,25.325,33,50,0.00171220625207729,-0.0283676380083177,-0.0471118747327817,2.93165024965257e-06,0.000804722886170949,0.00221952874083732,0.990584460477405,0.867634032129242,0.745267438050268
"208","VO2.Predicted.Relative.Percentage",49.12,13.3914989787536,1.89384394762588,50.5,39,55.75,50,-0.26271266455812,-0.285175410470715,-0.286249461068735,0.0690179441192272,0.081325014737141,0.0819387539621413,0.0653001890611959,0.0871094296815644,0.0438751473465766
"209","Watts",90.4081632653061,32.6572595090197,4.66532278700281,90,60,110,49,-0.268682823536181,-0.337201947768039,-0.29487853081066,0.0721904596633744,0.11370515357856,0.0869533479330533,0.0619414086627694,0.04431040056823,0.0397010481098032
"210","Watts.Predicted.Percentage",58.6122448979592,20.9153216631279,2.98790309473256,55,44,75,49,-0.340507206548869,-0.314984840615456,-0.397162847512248,0.115945157711714,0.0992154498175442,0.157738327444037,0.0166637557170763,0.0613232088230786,0.00471902246203237
"211","Weight",87.706,20.0076047786733,2.82950260286006,89.5,75.1,96.75,50,0.166826660660302,0.169988296048691,0.221879894311747,0.0278311347070674,0.0288960207935374,0.049230687499792,0.246887465430617,0.314485932813439,0.12147336686391
"212","WristbandPreference",0.36734693877551,0.487077917749495,0.0695825596784993,0,0,1,49,-0.200804832225625,-0.142111942481285,-0.277278528908788,0.0403225806451613,0.0201958041958042,0.0768833825938215,0.166516114854917,0.408357335180175,0.0537493065237247
